Location,Slot,Method,Time,Pokemon,MinLevel,MaxLevel,Star
Route 1,1,Grass,Day,Bidoof,2,4,
Route 1,2,Grass,Day,Zigzagoon,2,4,
Route 1,3,Grass,Day,Rattata,2,4,
Route 1,4,Grass,Day,Mienfoo,2,4,
Route 1,5,Grass,Day,Meowth,2,4,
Route 1,6,Grass,Day,Yungoos,2,4,
Route 1,7,Grass,Day,Pidgey,3,5,
Route 1,8,Grass,Day,Pidgey,3,5,
Route 1,9,Grass,Day,Smoliv,2,4,
Route 1,10,Grass,Day,Smoliv,2,4,
Route 1,11,Grass,Day,Pansear,2,4,
Route 1,12,Grass,Day,Pansear,2,4,
Viridian City,1,Grass,Day,Shinx,3,5,
Viridian City,2,Grass,Day,Wooloo,3,5,
Viridian City,3,Grass,Day,Poochyena,3,5,
Viridian City,4,Grass,Day,Spearow,3,5,
Viridian City,5,Grass,Day,Patrat,3,5,
Viridian City,6,Grass,Day,Cubchoo,4,6,
Viridian City,7,Grass,Day,Deerling-Summer,3,5,
Viridian City,8,Grass,Day,Greavard,3,5,
Viridian City,9,Grass,Day,Pikipek,3,5,
Viridian City,10,Grass,Day,Pikipek,3,5,
Viridian City,11,Grass,Day,Snover,3,5,
Viridian City,12,Grass,Day,Snover,3,5,
Route 22,1,Grass,Day,Starly,3,5,
Route 22,2,Grass,Day,Budew,3,5,
Route 22,3,Grass,Day,Mankey,3,5,
Route 22,4,Grass,Day,Morelull,3,5,
Route 22,5,Grass,Day,Snubbull,3,5,
Route 22,6,Grass,Day,Lillipup,3,5,
Route 22,7,Grass,Day,Oddish,3,5,
Route 22,8,Grass,Day,Sandygast,3,5,
Route 22,9,Grass,Day,Bellsprout,3,5,
Route 22,10,Grass,Day,Rockruff,3,5,
Route 22,11,Grass,Day,Panpour,3,5,
Route 22,12,Grass,Day,Panpour,3,5,
Route 21A,1,Grass,Day,Wooper,4,6,
Route 21A,2,Grass,Day,Lechonk,4,6,
Route 21A,3,Grass,Day,Wiglett,4,6,
Route 21A,4,Grass,Day,Wiglett,4,6,
Route 21A,5,Grass,Day,Dwebble,4,6,
Route 21A,6,Grass,Day,Snubbull,4,6,
Route 21A,7,Grass,Day,Wingull,4,6,
Route 21A,8,Grass,Day,Wingull,4,6,
Route 21A,9,Grass,Day,Fidough,4,6,
Route 21A,10,Grass,Day,Fidough,4,6,
Route 21A,11,Grass,Day,Capsakid,4,6,
Route 21A,12,Grass,Day,Capsakid,4,6,
Route 2,1,Grass,Day,Bidoof,3,5,
Route 2,2,Grass,Day,Sentret,3,5,
Route 2,3,Grass,Day,Ponyta,3,5,
Route 2,4,Grass,Day,Phanpy,3,5,
Route 2,5,Grass,Day,Meditite,3,5,
Route 2,6,Grass,Day,Shinx,3,5,
Route 2,7,Grass,Day,Mareep,3,5,
Route 2,8,Grass,Day,Litleo,4,6,
Route 2,9,Grass,Day,Zigzagoon,3,5,
Route 2,10,Grass,Day,Abra,3,5,
Route 2,11,Grass,Day,Pansage,3,5,
Route 2,12,Grass,Day,Pansage,3,5,
Viridian Forest,1,Grass,Day,Caterpie,4,6,
Viridian Forest,2,Grass,Day,Weedle,4,6,
Viridian Forest,3,Grass,Day,Pikachu,4,6,
Viridian Forest,4,Grass,Day,Burmy-Sandy,4,6,
Viridian Forest,5,Grass,Day,Sewaddle,4,6,
Viridian Forest,6,Grass,Day,Scatterbug,4,6,
Viridian Forest,7,Grass,Day,Ledyba,4,6,
Viridian Forest,8,Grass,Day,Surskit,4,6,
Viridian Forest,9,Grass,Day,Shroomish,4,6,
Viridian Forest,10,Grass,Day,Shroomish,4,6,
Viridian Forest,11,Grass,Day,Joltik,5,7,
Viridian Forest,12,Grass,Day,Joltik,4,6,
Forest Expansion,1,Grass,Day,Caterpie,4,6,
Forest Expansion,2,Grass,Day,Weedle,4,6,
Forest Expansion,3,Grass,Day,Natu,4,6,
Forest Expansion,4,Grass,Day,Burmy,4,6,
Forest Expansion,5,Grass,Day,Combee,4,6,
Forest Expansion,6,Grass,Day,Kricketot,4,6,
Forest Expansion,7,Grass,Day,Slakoth,4,6,
Forest Expansion,8,Grass,Day,Grubbin,4,6,
Forest Expansion,9,Grass,Day,Bramblin,4,6,
Forest Expansion,10,Grass,Day,Pumpkaboo-Su,4,6,
Forest Expansion,11,Grass,Day,Nymble,5,7,
Forest Expansion,12,Grass,Day,Nymble,4,6,
Diglett Cave,1,Grass,Day,Diglett,7,9,
Diglett Cave,2,Grass,Day,Nacli,7,9,
Diglett Cave,3,Grass,Day,Numel,7,9,
Diglett Cave,4,Grass,Day,Yamask,7,9,
Diglett Cave,5,Grass,Day,Sandshrew,7,9,
Diglett Cave,6,Grass,Day,Geodude,7,9,
Diglett Cave,7,Grass,Day,Trapinch,7,9,
Diglett Cave,8,Grass,Day,Silicobra,7,9,
Diglett Cave,9,Grass,Day,Bronzor,7,9,
Diglett Cave,10,Grass,Day,Machop,7,9,
Diglett Cave,11,Grass,Day,Noibat,7,9,
Diglett Cave,12,Grass,Day,Noibat,7,9,
Pewter City,1,Grass,Day,Grimer,7,9,
Pewter City,2,Grass,Day,Starly,7,9,
Pewter City,3,Grass,Day,Exeggcute,7,9,
Pewter City,4,Grass,Day,Spoink,7,9,
Pewter City,5,Grass,Day,Hoppip,7,9,
Pewter City,6,Grass,Day,Numel,7,9,
Pewter City,7,Grass,Day,Cutiefly,7,9,
Pewter City,8,Grass,Day,Sinistea,7,9,
Pewter City,9,Grass,Day,Ekans,7,9,
Pewter City,10,Grass,Day,Phanpy,7,9,
Pewter City,11,Grass,Day,Axew,7,9,
Pewter City,12,Grass,Day,Bonsly,7,9,
Route 3,1,Grass,Day,Fletchling,10,12,
Route 3,2,Grass,Day,Ekans,10,12,
Route 3,3,Grass,Day,Spearow,10,12,
Route 3,4,Grass,Day,Nidoran-M,10,12,
Route 3,5,Grass,Day,Nickit,10,12,
Route 3,6,Grass,Day,Shroomish,10,12,
Route 3,7,Grass,Day,Buneary,10,12,
Route 3,8,Grass,Day,Buneary,10,12,
Route 3,9,Grass,Day,Litleo,10,12,
Route 3,10,Grass,Day,Stunky,10,12,
Route 3,11,Grass,Day,Jigglypuff,10,12,
Route 3,12,Grass,Day,Meowth-Alola,10,12,
Mt Moon 1F,1,Grass,Day,Geodude,12,14,
Mt Moon 1F,2,Grass,Day,Zubat,12,14,
Mt Moon 1F,3,Grass,Day,Rockruff,12,14,
Mt Moon 1F,4,Grass,Day,Timburr,12,14,
Mt Moon 1F,5,Grass,Day,Woobat,12,14,
Mt Moon 1F,6,Grass,Day,Chewtle,12,14,
Mt Moon 1F,7,Grass,Day,Makuhita,12,14,
Mt Moon 1F,8,Grass,Day,Makuhita,12,14,
Mt Moon 1F,9,Grass,Day,Tyrogue,12,14,
Mt Moon 1F,10,Grass,Day,Clefairy,12,14,
Mt Moon 1F,11,Grass,Day,Elgyem,12,14,
Mt Moon 1F,12,Grass,Day,Throh,12,14,
Mt Moon B1F,1,Grass,Day,Paras,12,14,
Mt Moon B1F,2,Grass,Day,Nacli,12,14,
Mt Moon B1F,3,Grass,Day,Rolycoly,12,14,
Mt Moon B1F,4,Grass,Day,Slugma,12,14,
Mt Moon B1F,5,Grass,Day,Torkoal,12,14,
Mt Moon B1F,6,Grass,Day,Teddiursa,12,14,
Mt Moon B1F,7,Grass,Day,Tinkatink,12,14,
Mt Moon B1F,8,Grass,Day,Baltoy,12,14,
Mt Moon B1F,9,Grass,Day,Shuppet,12,14,
Mt Moon B1F,10,Grass,Day,Shuppet,12,14,
Mt Moon B1F,11,Grass,Day,Tinkatink,12,14,
Mt Moon B1F,12,Grass,Day,Riolu,12,14,
Mt Moon B2F,1,Grass,Day,Varoom,12,14,
Mt Moon B2F,2,Grass,Day,Zubat,12,14,
Mt Moon B2F,3,Grass,Day,Pawniard,12,14,
Mt Moon B2F,4,Grass,Day,Numel,12,14,
Mt Moon B2F,5,Grass,Day,Cranidos,12,14,
Mt Moon B2F,6,Grass,Day,Drilbur,12,14,
Mt Moon B2F,7,Grass,Day,Mudbray,12,14,
Mt Moon B2F,8,Grass,Day,Smoochum,12,14,
Mt Moon B2F,9,Grass,Day,Smoochum,12,14,
Mt Moon B2F,10,Grass,Day,Solrock,12,14,
Mt Moon B2F,11,Grass,Day,Onix,12,14,
Mt Moon B2F,12,Grass,Day,Onix,12,14,
Route 4,1,Grass,Day,Pidove,13,15,
Route 4,2,Grass,Day,Bellsprout,13,15,
Route 4,3,Grass,Day,Shinx,13,15,
Route 4,4,Grass,Day,Pachirisu,13,15,
Route 4,5,Grass,Day,Glameow,13,15,
Route 4,6,Grass,Day,Tandemaus,13,15,
Route 4,7,Grass,Day,Pumpkaboo,13,15,
Route 4,8,Grass,Day,Flabebe,13,15,
Route 4,9,Grass,Day,Pumpkaboo-Sm,13,15,
Route 4,10,Grass,Day,Pumpkaboo-Sm,13,15,
Route 4,11,Grass,Day,Yanma,13,15,
Route 4,12,Grass,Day,Rookidee,13,15,
Route 24,1,Grass,Day,Snubbull,14,16,
Route 24,2,Grass,Day,Petilil,14,16,
Route 24,3,Grass,Day,Yamper,14,16,
Route 24,4,Grass,Day,Charcadet,14,16,
Route 24,5,Grass,Day,Elekid,14,16,
Route 24,6,Grass,Day,Volbeat,14,16,
Route 24,7,Grass,Day,Marill,14,16,
Route 24,8,Grass,Day,Farfetch'd,14,16,
Route 24,9,Grass,Day,Ralts,14,16,
Route 24,10,Grass,Day,Abra,14,16,
Route 24,11,Grass,Day,Klawf,14,16,
Route 24,12,Grass,Day,Klawf,14,16,
Route 25,1,Grass,Day,Swablu,16,18,
Route 25,2,Grass,Day,Taillow,16,18,
Route 25,3,Grass,Day,Pineco,16,18,
Route 25,4,Grass,Day,Tadbulb,16,18,
Route 25,5,Grass,Day,Karrablast,16,18,
Route 25,6,Grass,Day,Doduo,16,18,
Route 25,7,Grass,Day,Aipom,16,18,
Route 25,8,Grass,Day,Whismur,16,18,
Route 25,9,Grass,Day,Squawkabilly-G,16,18,
Route 25,10,Grass,Day,Audino,16,18,
Route 25,11,Grass,Day,Zangoose,16,18,
Route 25,12,Grass,Day,Zangoose,16,18,
Route 5,1,Grass,Day,Meowth,18,20,
Route 5,2,Grass,Day,Hatenna,18,20,
Route 5,3,Grass,Day,Solosis,18,20,
Route 5,4,Grass,Day,Growlithe,18,20,
Route 5,5,Grass,Day,Swirlix,18,20,
Route 5,6,Grass,Day,Morelull,18,20,
Route 5,7,Grass,Day,Vulpix,18,20,
Route 5,8,Grass,Day,Solosis,18,20,
Route 5,9,Grass,Day,Grimer,18,20,
Route 5,10,Grass,Day,Grimer,18,20,
Route 5,11,Grass,Day,Drifloon,18,20,
Route 5,12,Grass,Day,Drifloon,18,20,
Route 6,1,Grass,Day,Sunkern,16,18,
Route 6,2,Grass,Day,Cherubi,16,18,
Route 6,3,Grass,Day,Gulpin,16,18,
Route 6,4,Grass,Day,Furfrou,16,18,
Route 6,5,Grass,Day,Sizzlipede,16,18,
Route 6,6,Grass,Day,Dedenne,16,18,
Route 6,7,Grass,Day,Lickitung,16,18,
Route 6,8,Grass,Day,Lickitung,16,18,
Route 6,9,Grass,Day,Flittle,16,18,
Route 6,10,Grass,Day,Flittle,16,18,
Route 6,11,Grass,Day,Togepi,16,18,
Route 6,12,Grass,Day,Togepi,16,18,
Route 11,1,Grass,Day,Stufful,23,25,
Route 11,2,Grass,Day,Ducklett,23,25,
Route 11,3,Grass,Day,Drowzee,23,25,
Route 11,4,Grass,Day,Baltoy,23,25,
Route 11,5,Grass,Day,Maractus,23,25,
Route 11,6,Grass,Day,Bunnelby,23,25,
Route 11,7,Grass,Day,Crabrawler,23,25,
Route 11,8,Grass,Day,Crabrawler,23,25,
Route 11,9,Grass,Day,Flamigo,23,25,
Route 11,10,Grass,Day,Flamigo,23,25,
Route 11,11,Grass,Day,Sigilyph,23,25,
Route 11,12,Grass,Day,Sigilyph,23,25,
Diglett Cave B1F,1,Grass,Day,Diglett,23,25,
Diglett Cave B1F,2,Grass,Day,Diglett,23,25,
Diglett Cave B1F,3,Grass,Day,Stunfisk,23,25,
Diglett Cave B1F,4,Grass,Day,Silicobra,23,25,
Diglett Cave B1F,5,Grass,Day,Golett,23,25,
Diglett Cave B1F,6,Grass,Day,Sandile,23,25,
Diglett Cave B1F,7,Grass,Day,Drilbur,23,25,
Diglett Cave B1F,8,Grass,Day,Gligar,23,25,
Diglett Cave B1F,9,Grass,Day,Golett,23,25,
Diglett Cave B1F,10,Grass,Day,Dugtrio,23,25,
Diglett Cave B1F,11,Grass,Day,Hippopotas,23,25,
Diglett Cave B1F,12,Grass,Day,Hippopotas,23,25,
Route 9,1,Grass,Day,Shelmet,25,27,
Route 9,2,Grass,Day,Exeggcute,25,27,
Route 9,3,Grass,Day,Darumaka,25,27,
Route 9,4,Grass,Day,Dewpider,25,27,
Route 9,5,Grass,Day,Indeedee,25,27,
Route 9,6,Grass,Day,Rufflet,25,27,
Route 9,7,Grass,Day,Mime Jr.,25,27,
Route 9,8,Grass,Day,Mime Jr.,25,27,
Route 9,9,Grass,Day,Tropius,25,27,
Route 9,10,Grass,Day,Tropius,25,27,
Route 9,11,Grass,Day,Skorupi,25,27,
Route 9,12,Grass,Day,Skorupi,25,27,
Route 10,1,Grass,Day,Voltorb,27,29,
Route 10,2,Grass,Day,Helioptile,27,29,
Route 10,3,Grass,Day,Blitzle,27,29,
Route 10,4,Grass,Day,Pincurchin,27,29,
Route 10,5,Grass,Day,Plusle,27,29,
Route 10,6,Grass,Day,Skitty,27,29,
Route 10,7,Grass,Day,Tadbulb,27,29,
Route 10,8,Grass,Day,Tadbulb,27,29,
Route 10,9,Grass,Day,Magnemite,27,29,
Route 10,10,Grass,Day,Magnemite,27,29,
Route 10,11,Grass,Day,Sneasel-Hisui,27,29,
Route 10,12,Grass,Day,Sneasel-Hisui,27,29,
Rock Tunnel 1F,1,Grass,Day,Graveler,29,31,
Rock Tunnel 1F,2,Grass,Day,Aron,29,31,
Rock Tunnel 1F,3,Grass,Day,Shuckle,29,31,
Rock Tunnel 1F,4,Grass,Day,Solrock,29,31,
Rock Tunnel 1F,5,Grass,Day,Carkol,29,31,
Rock Tunnel 1F,6,Grass,Day,Carbink,29,31,
Rock Tunnel 1F,7,Grass,Day,Minior,29,31,
Rock Tunnel 1F,8,Grass,Day,Ferroseed,29,31,
Rock Tunnel 1F,9,Grass,Day,Stonjourner,29,31,
Rock Tunnel 1F,10,Grass,Day,Heatmor,29,31,
Rock Tunnel 1F,11,Grass,Day,Durant,29,31,
Rock Tunnel 1F,12,Grass,Day,Durant,29,31,
Rock Tunnel B1F,1,Grass,Day,Sandslash,30,32,
Rock Tunnel B1F,2,Grass,Day,Boldore,30,32,
Rock Tunnel B1F,3,Grass,Day,Swinub,30,32,
Rock Tunnel B1F,4,Grass,Day,Snorunt,30,32,
Rock Tunnel B1F,5,Grass,Day,Bronzor,30,32,
Rock Tunnel B1F,6,Grass,Day,Bonsly,30,32,
Rock Tunnel B1F,7,Grass,Day,Cetoddle,30,32,
Rock Tunnel B1F,8,Grass,Day,Cetoddle,30,32,
Rock Tunnel B1F,9,Grass,Day,Cubchoo,30,32,
Rock Tunnel B1F,10,Grass,Day,Cubchoo,30,32,
Rock Tunnel B1F,11,Grass,Day,Glimmet,30,32,
Rock Tunnel B1F,12,Grass,Day,Glimmet,30,32,
Route 7,1,Grass,Day,Deerling,36,38,
Route 7,2,Grass,Day,Inkay,36,38,
Route 7,3,Grass,Day,Rufflet,36,38,
Route 7,4,Grass,Day,Rufflet,36,38,
Route 7,5,Grass,Day,Cutiefly,36,38,
Route 7,6,Grass,Day,Applin,36,38,
Route 7,7,Grass,Day,Passimian,36,38,
Route 7,8,Grass,Day,Passimian,36,38,
Route 7,9,Grass,Day,Mienfoo,36,38,
Route 7,10,Grass,Day,Mienfoo,36,38,
Route 7,11,Grass,Day,Porygon,36,38,
Route 7,12,Grass,Day,Porygon,36,38,
Route 8,1,Grass,Day,Fomantis,33,35,
Route 8,2,Grass,Day,Minccino,33,35,
Route 8,3,Grass,Day,Vanillite,33,35,
Route 8,4,Grass,Day,Bouffalant,33,35,
Route 8,5,Grass,Day,Bouffalant,33,35,
Route 8,6,Grass,Day,Venipede,33,35,
Route 8,7,Grass,Day,Comfey,33,35,
Route 8,8,Grass,Day,Comfey,33,35,
Route 8,9,Grass,Day,Girafarig,33,35,
Route 8,10,Grass,Day,Girafarig,33,35,
Route 8,11,Grass,Day,Miltank,33,35,
Route 8,12,Grass,Day,Miltank,33,35,
Pkmn Tower 3&5F,1,Grass,Day,Haunter,45,47,
Pkmn Tower 3&5F,2,Grass,Day,Cofagrigus,45,47,
Pkmn Tower 3&5F,3,Grass,Day,Dusclops,45,47,
Pkmn Tower 3&5F,4,Grass,Day,Mismagius,45,47,
Pkmn Tower 3&5F,5,Grass,Day,Mismagius,45,47,
Pkmn Tower 3&5F,6,Grass,Day,Cubone,45,47,
Pkmn Tower 3&5F,7,Grass,Day,Spiritomb,45,47,
Pkmn Tower 3&5F,8,Grass,Day,Sableye,45,47,
Pkmn Tower 3&5F,9,Grass,Day,Polteageist,45,47,
Pkmn Tower 3&5F,10,Grass,Day,Polteageist,45,47,
Pkmn Tower 3&5F,11,Grass,Day,Lampent,45,47,
Pkmn Tower 3&5F,12,Grass,Day,Lampent,45,47,
Pkmn Tower 4F,1,Grass,Day,Haunter,45,47,
Pkmn Tower 4F,2,Grass,Day,Cofagrigus,45,47,
Pkmn Tower 4F,3,Grass,Day,Dusclops,45,47,
Pkmn Tower 4F,4,Grass,Day,Mismagius,45,47,
Pkmn Tower 4F,5,Grass,Day,Mismagius,45,47,
Pkmn Tower 4F,6,Grass,Day,Cubone,45,47,
Pkmn Tower 4F,7,Grass,Day,Spiritomb,45,47,
Pkmn Tower 4F,8,Grass,Day,Sableye,45,47,
Pkmn Tower 4F,9,Grass,Day,Houndstone,45,47,
Pkmn Tower 4F,10,Grass,Day,Houndstone,45,47,
Pkmn Tower 4F,11,Grass,Day,Lampent,45,47,
Pkmn Tower 4F,12,Grass,Day,Lampent,45,47,
Pkmn Tower 6F,1,Grass,Day,Haunter,45,47,
Pkmn Tower 6F,2,Grass,Day,Cofagrigus,45,47,
Pkmn Tower 6F,3,Grass,Day,Dusclops,45,47,
Pkmn Tower 6F,4,Grass,Day,Annihilape,45,47,
Pkmn Tower 6F,5,Grass,Day,Annihilape,45,47,
Pkmn Tower 6F,6,Grass,Day,Cubone,45,47,
Pkmn Tower 6F,7,Grass,Day,Spiritomb,45,47,
Pkmn Tower 6F,8,Grass,Day,Sableye,45,47,
Pkmn Tower 6F,9,Grass,Day,Polteageist,45,47,
Pkmn Tower 6F,10,Grass,Day,Polteageist,45,47,
Pkmn Tower 6F,11,Grass,Day,Lampent,45,47,
Pkmn Tower 6F,12,Grass,Day,Lampent,45,47,
Pkmn Tower 7F,1,Grass,Day,Haunter,45,47,
Pkmn Tower 7F,2,Grass,Day,Cofagrigus,45,47,
Pkmn Tower 7F,3,Grass,Day,Dusclops,45,47,
Pkmn Tower 7F,4,Grass,Day,Mismagius,45,47,
Pkmn Tower 7F,5,Grass,Day,Mismagius,45,47,
Pkmn Tower 7F,6,Grass,Day,Cubone,45,47,
Pkmn Tower 7F,7,Grass,Day,Spiritomb,45,47,
Pkmn Tower 7F,8,Grass,Day,Sableye,45,47,
Pkmn Tower 7F,9,Grass,Day,Polteageist,45,47,
Pkmn Tower 7F,10,Grass,Day,Polteageist,45,47,
Pkmn Tower 7F,11,Grass,Day,Rotom,45,47,
Pkmn Tower 7F,12,Grass,Day,Rotom,45,47,
Route 16,1,Grass,Day,Heracross,36,38,
Route 16,2,Grass,Day,Yanma,36,38,
Route 16,3,Grass,Day,Rhyhorn,36,38,
Route 16,4,Grass,Day,Skorupi,36,38,
Route 16,5,Grass,Day,Cufant,36,38,
Route 16,6,Grass,Day,Durant,36,38,
Route 16,7,Grass,Day,Togedemaru,36,38,
Route 16,8,Grass,Day,Skarmory,36,38,
Route 16,9,Grass,Day,Orthworm,36,38,
Route 16,10,Grass,Day,Orthworm,36,38,
Route 16,11,Grass,Day,Escavalier,36,38,
Route 16,12,Grass,Day,Cufant,36,38,
Route 17,1,Grass,Day,Weezing,46,48,
Route 17,2,Grass,Day,Cyclizar,46,48,
Route 17,3,Grass,Day,Muk,46,48,
Route 17,4,Grass,Day,Zebstrika,46,48,
Route 17,5,Grass,Day,Grumpig,46,48,
Route 17,6,Grass,Day,Torkoal,46,48,
Route 17,7,Grass,Day,Skarmory,46,48,
Route 17,8,Grass,Day,Skarmory,46,48,
Route 17,9,Grass,Day,Drampa,46,48,
Route 17,10,Grass,Day,Drampa,46,48,
Route 17,11,Grass,Day,Dracozolt,46,48,
Route 17,12,Grass,Day,Dracozolt,46,48,
Route 18,1,Grass,Day,Xatu,49,51,
Route 18,2,Grass,Day,Vikavolt,49,51,
Route 18,3,Grass,Day,Poliwrath,49,51,
Route 18,4,Grass,Day,Abomasnow,49,51,
Route 18,5,Grass,Day,Altaria,49,51,
Route 18,6,Grass,Day,Parasect,49,51,
Route 18,7,Grass,Day,Toxicroak,49,51,
Route 18,8,Grass,Day,Toxicroak,49,51,
Route 18,9,Grass,Day,Kabutops,49,51,
Route 18,10,Grass,Day,Kabutops,49,51,
Route 18,11,Grass,Day,Arctovish,49,51,
Route 18,12,Grass,Day,Dracovish,49,51,
Route 12,1,Grass,Day,Sneasel,50,52,
Route 12,2,Grass,Day,Dewgong,50,52,
Route 12,3,Grass,Day,Walrein,50,52,
Route 12,4,Grass,Day,Glalie,50,52,
Route 12,5,Grass,Day,Throh,50,52,
Route 12,6,Grass,Day,Cetitan,50,52,
Route 12,7,Grass,Day,Avalugg,50,52,
Route 12,8,Grass,Day,Avalugg,50,52,
Route 12,9,Grass,Day,Mr. Mime-Galar,50,52,
Route 12,10,Grass,Day,Mr. Mime-Galar,50,52,
Route 12,11,Grass,Day,Arctovish,50,52,
Route 12,12,Grass,Day,Arctozolt,50,52,
Route 13,1,Grass,Day,Tangrowth,48,50,
Route 13,2,Grass,Day,Exeggutor,48,50,
Route 13,3,Grass,Day,Roselia,48,50,
Route 13,4,Grass,Day,Lurantis,48,50,
Route 13,5,Grass,Day,Simisage,48,50,
Route 13,6,Grass,Day,Jumpluff,48,50,
Route 13,7,Grass,Day,Bulbasaur,48,50,
Route 13,8,Grass,Day,Bulbasaur,48,50,
Route 13,9,Grass,Day,Exeggutor-Alola,48,50,
Route 13,10,Grass,Day,Duraludon,48,50,
Route 13,11,Grass,Day,Charmander,48,50,
Route 13,12,Grass,Day,Charmander,48,50,
Route 14,1,Grass,Day,Pelipper,48,50,
Route 14,2,Grass,Day,Swadloon,48,50,
Route 14,3,Grass,Day,Torkoal,48,50,
Route 14,4,Grass,Day,Torkoal,48,50,
Route 14,5,Grass,Day,Whirlipede,48,50,
Route 14,6,Grass,Day,Whirlipede,48,50,
Route 14,7,Grass,Day,Charjabug,48,50,
Route 14,8,Grass,Day,Charjabug,48,50,
Route 14,9,Grass,Day,Durant,48,50,
Route 14,10,Grass,Day,Durant,48,50,
Route 14,11,Grass,Day,Golisopod,48,50,
Route 14,12,Grass,Day,Golisopod,48,50,
Route 15,1,Grass,Day,Amoonguss,49,51,
Route 15,2,Grass,Day,Ambipom,49,51,
Route 15,3,Grass,Day,Tsareena,49,51,
Route 15,4,Grass,Day,Galvantula,49,51,
Route 15,5,Grass,Day,Simipour,49,51,
Route 15,6,Grass,Day,Oricorio,49,51,
Route 15,7,Grass,Day,Sigilyph,49,51,
Route 15,8,Grass,Day,Sigilyph,49,51,
Route 15,9,Grass,Day,Ferrothorn,49,51,
Route 15,10,Grass,Day,Ferrothorn,49,51,
Route 15,11,Grass,Day,Ditto,49,51,
Route 15,12,Grass,Day,Ditto,49,51,
Route 23,1,Grass,Day,Primeape,33,35,
Route 23,2,Grass,Day,Fearow,33,35,
Route 23,3,Grass,Day,Simisage,33,35,
Route 23,4,Grass,Day,Simisear,33,35,
Route 23,5,Grass,Day,Simipour,33,35,
Route 23,6,Grass,Day,Simipour,33,35,
Route 23,7,Grass,Day,Seviper,33,35,
Route 23,8,Grass,Day,Seviper,33,35,
Route 23,9,Grass,Day,Golbat,33,35,
Route 23,10,Grass,Day,Golbat,33,35,
Route 23,11,Grass,Day,Staraptor,33,35,
Route 23,12,Grass,Day,Staraptor,33,35,
Seafoam 1F,1,Grass,Day,Piloswine,62,64,
Seafoam 1F,2,Grass,Day,Snorunt,62,64,
Seafoam 1F,3,Grass,Day,Beartic,62,64,
Seafoam 1F,4,Grass,Day,Beartic,62,64,
Seafoam 1F,5,Grass,Day,Slowbro,62,64,
Seafoam 1F,6,Grass,Day,Slowbro,62,64,
Seafoam 1F,7,Grass,Day,Golbat,62,64,
Seafoam 1F,8,Grass,Day,Golbat,62,64,
Seafoam 1F,9,Grass,Day,Avalugg,62,64,
Seafoam 1F,10,Grass,Day,Avalugg,62,64,
Seafoam 1F,11,Grass,Day,Jynx,62,64,
Seafoam 1F,12,Grass,Day,Jynx,62,64,
Seafoam B1F,1,Grass,Day,Piloswine,62,64,
Seafoam B1F,2,Grass,Day,Darmanitan-Galar,62,64,
Seafoam B1F,3,Grass,Day,Vanilluxe,62,64,
Seafoam B1F,4,Grass,Day,Vanilluxe,62,64,
Seafoam B1F,5,Grass,Day,Slowking,62,64,
Seafoam B1F,6,Grass,Day,Slowking,62,64,
Seafoam B1F,7,Grass,Day,Golbat,62,64,
Seafoam B1F,8,Grass,Day,Golbat,62,64,
Seafoam B1F,9,Grass,Day,Cryogonal,62,64,
Seafoam B1F,10,Grass,Day,Cryogonal,62,64,
Seafoam B1F,11,Grass,Day,Delibird,62,64,
Seafoam B1F,12,Grass,Day,Delibird,62,64,
Seafoam B2F,1,Grass,Day,Abomasnow,62,64,
Seafoam B2F,2,Grass,Day,Snover,62,64,
Seafoam B2F,3,Grass,Day,Ninetales-Alola,62,64,
Seafoam B2F,4,Grass,Day,Ninetales-Alola,62,64,
Seafoam B2F,5,Grass,Day,Crawdaunt,62,64,
Seafoam B2F,6,Grass,Day,Crawdaunt,62,64,
Seafoam B2F,7,Grass,Day,Golbat,62,64,
Seafoam B2F,8,Grass,Day,Golbat,62,64,
Seafoam B2F,9,Grass,Day,Sneasel,62,64,
Seafoam B2F,10,Grass,Day,Sneasel,62,64,
Seafoam B2F,11,Grass,Day,Delibird,62,64,
Seafoam B2F,12,Grass,Day,Delibird,62,64,
Seafoam B3F,1,Grass,Day,Piloswine,62,64,
Seafoam B3F,2,Grass,Day,Darmanitan-Galar,62,64,
Seafoam B3F,3,Grass,Day,Ninetales-Alola,62,64,
Seafoam B3F,4,Grass,Day,Ninetales-Alola,62,64,
Seafoam B3F,5,Grass,Day,Dewgong,62,64,
Seafoam B3F,6,Grass,Day,Dewgong,62,64,
Seafoam B3F,7,Grass,Day,Golbat,62,64,
Seafoam B3F,8,Grass,Day,Golbat,62,64,
Seafoam B3F,9,Grass,Day,Frosmoth,62,64,
Seafoam B3F,10,Grass,Day,Frosmoth,62,64,
Seafoam B3F,11,Grass,Day,Jynx,62,64,
Seafoam B3F,12,Grass,Day,Jynx,62,64,
Seafoam B4F,1,Grass,Day,Piloswine,62,64,
Seafoam B4F,2,Grass,Day,Abomasnow,62,64,
Seafoam B4F,3,Grass,Day,Ninetales-Alola,62,64,
Seafoam B4F,4,Grass,Day,Ninetales-Alola,62,64,
Seafoam B4F,5,Grass,Day,Dewgong,62,64,
Seafoam B4F,6,Grass,Day,Dewgong,62,64,
Seafoam B4F,7,Grass,Day,Crawdaunt,62,64,
Seafoam B4F,8,Grass,Day,Crawdaunt,62,64,
Seafoam B4F,9,Grass,Day,Golbat,62,64,
Seafoam B4F,10,Grass,Day,Golbat,62,64,
Seafoam B4F,11,Grass,Day,Jynx,62,64,
Seafoam B4F,12,Grass,Day,Jynx,62,64,
Mansion 1F,1,Grass,Day,Raticate,63,65,
Mansion 1F,2,Grass,Day,Audino,63,65,
Mansion 1F,3,Grass,Day,Muk,63,65,
Mansion 1F,4,Grass,Day,Muk,63,65,
Mansion 1F,5,Grass,Day,Weezing,63,65,
Mansion 1F,6,Grass,Day,Liepard,63,65,
Mansion 1F,7,Grass,Day,Arcanine,63,65,
Mansion 1F,8,Grass,Day,Arcanine,63,65,
Mansion 1F,9,Grass,Day,Sableye,63,65,
Mansion 1F,10,Grass,Day,Sableye,63,65,
Mansion 1F,11,Grass,Day,Chimecho,63,65,
Mansion 1F,12,Grass,Day,Chimecho,63,65,
Mansion 2F,1,Grass,Day,Gumshoos,63,65,
Mansion 2F,2,Grass,Day,Garbodor,63,65,
Mansion 2F,3,Grass,Day,Weezing,63,65,
Mansion 2F,4,Grass,Day,Swalot,63,65,
Mansion 2F,5,Grass,Day,Heatmor,63,65,
Mansion 2F,6,Grass,Day,Salazzle,63,65,
Mansion 2F,7,Grass,Day,Houndoom,63,65,
Mansion 2F,8,Grass,Day,Houndoom,63,65,
Mansion 2F,9,Grass,Day,Banette,63,65,
Mansion 2F,10,Grass,Day,Banette,63,65,
Mansion 2F,11,Grass,Day,Chimecho,63,65,
Mansion 2F,12,Grass,Day,Chimecho,63,65,
Mansion 3F,1,Grass,Day,Bewear,63,65,
Mansion 3F,2,Grass,Day,Seviper,63,65,
Mansion 3F,3,Grass,Day,Ariados,63,65,
Mansion 3F,4,Grass,Day,Ariados,63,65,
Mansion 3F,5,Grass,Day,Rapidash,63,65,
Mansion 3F,6,Grass,Day,Skuntank,63,65,
Mansion 3F,7,Grass,Day,Armarouge,63,65,
Mansion 3F,8,Grass,Day,Armarouge,63,65,
Mansion 3F,9,Grass,Day,Krookodile,63,65,
Mansion 3F,10,Grass,Day,Krookodile,63,65,
Mansion 3F,11,Grass,Day,Chimecho,63,65,
Mansion 3F,12,Grass,Day,Chimecho,63,65,
Mansion B1F,1,Grass,Day,Raticate,63,65,
Mansion B1F,2,Grass,Day,Garbodor,63,65,
Mansion B1F,3,Grass,Day,Ariados,63,65,
Mansion B1F,4,Grass,Day,Ariados,63,65,
Mansion B1F,5,Grass,Day,Magmar,63,65,
Mansion B1F,6,Grass,Day,Mightyena,63,65,
Mansion B1F,7,Grass,Day,Arcanine,63,65,
Mansion B1F,8,Grass,Day,Arcanine,63,65,
Mansion B1F,9,Grass,Day,Banette,63,65,
Mansion B1F,10,Grass,Day,Banette,63,65,
Mansion B1F,11,Grass,Day,Chimecho,63,65,
Mansion B1F,12,Grass,Day,Chimecho,63,65,
Power Plant,1,Grass,Day,Magneton,63,65,
Power Plant,2,Grass,Day,Electrode,63,65,
Power Plant,3,Grass,Day,Zebstrika,63,65,
Power Plant,4,Grass,Day,Eelektross,63,65,
Power Plant,5,Grass,Day,Ampharos,63,65,
Power Plant,6,Grass,Day,Ampharos,63,65,
Power Plant,7,Grass,Day,Dedenne,63,65,
Power Plant,8,Grass,Day,Dedenne,63,65,
Power Plant,9,Grass,Day,Electabuzz,63,65,
Power Plant,10,Grass,Day,Electabuzz,63,65,
Power Plant,11,Grass,Day,Electabuzz,63,65,
Power Plant,12,Grass,Day,Electabuzz,63,65,
Cerulean Cave 1F,1,Grass,Day,Parasect,68,70,
Cerulean Cave 1F,2,Grass,Day,Golbat,68,70,
Cerulean Cave 1F,3,Grass,Day,Machamp,68,70,
Cerulean Cave 1F,4,Grass,Day,Machamp,68,70,
Cerulean Cave 1F,5,Grass,Day,Magneton,68,70,
Cerulean Cave 1F,6,Grass,Day,Magneton,68,70,
Cerulean Cave 1F,7,Grass,Day,Seismitoad,68,70,
Cerulean Cave 1F,8,Grass,Day,Seismitoad,68,70,
Cerulean Cave 1F,9,Grass,Day,Duraludon,68,70,
Cerulean Cave 1F,10,Grass,Day,Duraludon,68,70,
Cerulean Cave 1F,11,Grass,Day,Type: Null,68,70,
Cerulean Cave 1F,12,Grass,Day,Type: Null,68,70,
Cerulean Cave 2F,1,Grass,Day,Brute Bonnet,68,70,
Cerulean Cave 2F,2,Grass,Day,Great Tusk,68,70,
Cerulean Cave 2F,3,Grass,Day,Primeape,68,70,
Cerulean Cave 2F,4,Grass,Day,Primeape,68,70,
Cerulean Cave 2F,5,Grass,Day,Great Tusk,68,70,
Cerulean Cave 2F,6,Grass,Day,Audino,68,70,
Cerulean Cave 2F,7,Grass,Day,Alakazam,68,70,
Cerulean Cave 2F,8,Grass,Day,Alakazam,68,70,
Cerulean Cave 2F,9,Grass,Day,Duraludon,68,70,
Cerulean Cave 2F,10,Grass,Day,Duraludon,68,70,
Cerulean Cave 2F,11,Grass,Day,Type: Null,68,70,
Cerulean Cave 2F,12,Grass,Day,Type: Null,68,70,
Cerulean Cave B1F,1,Grass,Day,Iron Treads,68,70,
Cerulean Cave B1F,2,Grass,Day,Noivern,68,70,
Cerulean Cave B1F,3,Grass,Day,Medicham,68,70,
Cerulean Cave B1F,4,Grass,Day,Medicham,68,70,
Cerulean Cave B1F,5,Grass,Day,Lopunny,68,70,
Cerulean Cave B1F,6,Grass,Day,Iron Treads,68,70,
Cerulean Cave B1F,7,Grass,Day,Lopunny,68,70,
Cerulean Cave B1F,8,Grass,Day,Gardevoir,68,70,
Cerulean Cave B1F,9,Grass,Day,Excadrill,68,70,
Cerulean Cave B1F,10,Grass,Day,Excadrill,68,70,
Cerulean Cave B1F,11,Grass,Day,Type: Null,68,70,
Cerulean Cave B1F,12,Grass,Day,Type: Null,68,70,
Mansion 4F,1,Grass,Day,Unown,75,77,
Mansion 4F,2,Grass,Day,Unown,75,77,
Mansion 4F,3,Grass,Day,Meganium,75,77,
Mansion 4F,4,Grass,Day,Meganium,75,77,
Mansion 4F,5,Grass,Day,Quaquaval,75,77,
Mansion 4F,6,Grass,Day,Quaquaval,75,77,
Mansion 4F,7,Grass,Day,Empoleon,75,77,
Mansion 4F,8,Grass,Day,Empoleon,75,77,
Mansion 4F,9,Grass,Day,Mismagius,75,77,
Mansion 4F,10,Grass,Day,Mismagius,75,77,
Mansion 4F,11,Grass,Day,Unown,75,77,
Mansion 4F,12,Grass,Day,Unown,75,77,
Gouging's Room,1,Grass,Day,Unown,75,77,
Gouging's Room,2,Grass,Day,Unown,75,77,
Gouging's Room,3,Grass,Day,Cinderace,75,77,
Gouging's Room,4,Grass,Day,Cinderace,75,77,
Gouging's Room,5,Grass,Day,Typhlosion,63,65,
Gouging's Room,6,Grass,Day,Typhlosion,63,65,
Gouging's Room,7,Grass,Day,Blaziken,75,77,
Gouging's Room,8,Grass,Day,Blaziken,75,77,
Gouging's Room,9,Grass,Day,Morpeko,75,77,
Gouging's Room,10,Grass,Day,Morpeko,75,77,
Gouging's Room,11,Grass,Day,Unown,75,77,
Gouging's Room,12,Grass,Day,Unown,75,77,
Victory Road 1F,1,Grass,Day,Iron Valiant,80,82,
Victory Road 1F,2,Grass,Day,Metagross,80,82,
Victory Road 1F,3,Grass,Day,Goodra,80,82,
Victory Road 1F,4,Grass,Day,Steelix,80,82,
Victory Road 1F,5,Grass,Day,Audino,80,82,
Victory Road 1F,6,Grass,Day,Salamence,80,82,
Victory Road 1F,7,Grass,Day,Volcarona,80,82,
Victory Road 1F,8,Grass,Day,Aegislash,80,82,
Victory Road 1F,9,Grass,Day,Marowak,80,82,
Victory Road 1F,10,Grass,Day,Salamence,80,82,
Victory Road 1F,11,Grass,Day,Metagross,80,82,
Victory Road 1F,12,Grass,Day,Salamence,80,82,
Victory Road 2F,1,Grass,Day,Baxcalibur,80,82,
Victory Road 2F,2,Grass,Day,Garchomp,80,82,
Victory Road 2F,3,Grass,Day,Tyranitar,80,82,
Victory Road 2F,4,Grass,Day,Machamp,80,82,
Victory Road 2F,5,Grass,Day,Medicham,80,82,
Victory Road 2F,6,Grass,Day,Lucario,80,82,
Victory Road 2F,7,Grass,Day,Lucario,80,82,
Victory Road 2F,8,Grass,Day,Medicham,80,82,
Victory Road 2F,9,Grass,Day,Kommo-o,80,82,
Victory Road 2F,10,Grass,Day,Kommo-o,80,82,
Victory Road 2F,11,Grass,Day,Baxcalibur,80,82,
Victory Road 2F,12,Grass,Day,Tyranitar,80,82,
Victory Road 3F,1,Grass,Day,Dragonite,80,82,
Victory Road 3F,2,Grass,Day,Iron Bundle,80,82,
Victory Road 3F,3,Grass,Day,Dragapult,80,82,
Victory Road 3F,4,Grass,Day,Mawile,80,82,
Victory Road 3F,5,Grass,Day,Mawile,80,82,
Victory Road 3F,6,Grass,Day,Toxtricity,80,82,
Victory Road 3F,7,Grass,Day,Scizor,80,82,
Victory Road 3F,8,Grass,Day,Aerodactyl,80,82,
Victory Road 3F,9,Grass,Day,Aerodactyl,80,82,
Victory Road 3F,10,Grass,Day,Dragapult,80,82,
Victory Road 3F,11,Grass,Day,Iron Bundle,80,82,
Victory Road 3F,12,Grass,Day,Dragonite,80,82,
Route 1,1,Grass,Night,Poochyena,2,4,
Route 1,2,Grass,Night,Zigzagoon-Galar,2,4,
Route 1,3,Grass,Night,Rattata-Alola,2,4,
Route 1,4,Grass,Night,Scraggy,2,4,
Route 1,5,Grass,Night,Meowth-Galar,2,4,
Route 1,6,Grass,Night,Hoothoot,2,4,
Route 1,7,Grass,Night,Pidgey,3,5,
Route 1,8,Grass,Night,Pidgey,3,5,
Route 1,9,Grass,Night,Seedot,2,4,
Route 1,10,Grass,Night,Seedot,2,4,
Route 1,11,Grass,Night,Pansear,2,4,
Route 1,12,Grass,Night,Pansear,2,4,
Viridian City,1,Grass,Night,Pawmi,3,5,
Viridian City,2,Grass,Night,Mareep,3,5,
Viridian City,3,Grass,Night,Poochyena,3,5,
Viridian City,4,Grass,Night,Spearow,3,5,
Viridian City,5,Grass,Night,Patrat,3,5,
Viridian City,6,Grass,Night,Cubchoo,4,6,
Viridian City,7,Grass,Night,Deerling-Autumn,3,5,
Viridian City,8,Grass,Night,Shuppet,3,5,
Viridian City,9,Grass,Night,Wattrel,3,5,
Viridian City,10,Grass,Night,Wattrel,3,5,
Viridian City,11,Grass,Night,Swinub,3,5,
Viridian City,12,Grass,Night,Swinub,3,5,
Route 22,1,Grass,Night,Starly,3,5,
Route 22,2,Grass,Night,Sandshrew-Alola,3,5,
Route 22,3,Grass,Night,Mankey,3,5,
Route 22,4,Grass,Night,Morelull,3,5,
Route 22,5,Grass,Night,Flabebe,3,5,
Route 22,6,Grass,Night,Skwovet,3,5,
Route 22,7,Grass,Night,Applin,3,5,
Route 22,8,Grass,Night,Sandygast,3,5,
Route 22,9,Grass,Night,Paras,3,5,
Route 22,10,Grass,Night,Rockruff,3,5,
Route 22,11,Grass,Night,Panpour,3,5,
Route 22,12,Grass,Night,Panpour,3,5,
Route 21A,1,Grass,Night,Wooper-Paldea,4,6,
Route 21A,2,Grass,Night,Lechonk,4,6,
Route 21A,3,Grass,Night,Wiglett,4,6,
Route 21A,4,Grass,Night,Wiglett,4,6,
Route 21A,5,Grass,Night,Dwebble,4,6,
Route 21A,6,Grass,Night,Snubbull,4,6,
Route 21A,7,Grass,Night,Wingull,4,6,
Route 21A,8,Grass,Night,Wingull,4,6,
Route 21A,9,Grass,Night,Maschiff,4,6,
Route 21A,10,Grass,Night,Maschiff,4,6,
Route 21A,11,Grass,Night,Lotad,4,6,
Route 21A,12,Grass,Night,Lotad,4,6,
Route 2,1,Grass,Night,Poochyena,3,5,
Route 2,2,Grass,Night,Sentret,3,5,
Route 2,3,Grass,Night,Ponyta-Galar,3,5,
Route 2,4,Grass,Night,Phanpy,3,5,
Route 2,5,Grass,Night,Meditite,3,5,
Route 2,6,Grass,Night,Shinx,3,5,
Route 2,7,Grass,Night,Mareep,3,5,
Route 2,8,Grass,Night,Houndour,4,6,
Route 2,9,Grass,Night,Zigzagoon-Galar,3,5,
Route 2,10,Grass,Night,Abra,3,5,
Route 2,11,Grass,Night,Pansage,3,5,
Route 2,12,Grass,Night,Pansage,3,5,
Viridian Forest,1,Grass,Night,Spinarak,4,6,
Viridian Forest,2,Grass,Night,Wurmple,4,6,
Viridian Forest,3,Grass,Night,Pikachu,4,6,
Viridian Forest,4,Grass,Night,Burmy-Trash,4,6,
Viridian Forest,5,Grass,Night,Nincada,4,6,
Viridian Forest,6,Grass,Night,Kricketot,4,6,
Viridian Forest,7,Grass,Night,Ledyba,4,6,
Viridian Forest,8,Grass,Night,Rellor,4,6,
Viridian Forest,9,Grass,Night,Toedscool,4,6,
Viridian Forest,10,Grass,Night,Toedscool,4,6,
Viridian Forest,11,Grass,Night,Snom,4,6,
Viridian Forest,12,Grass,Night,Snom,4,6,
Forest Expansion,1,Grass,Night,Tarountula,4,6,
Forest Expansion,2,Grass,Night,Blipbug,4,6,
Forest Expansion,3,Grass,Night,Chingling,4,6,
Forest Expansion,4,Grass,Night,Burmy-Trash,4,6,
Forest Expansion,5,Grass,Night,Nincada,4,6,
Forest Expansion,6,Grass,Night,Kricketot,4,6,
Forest Expansion,7,Grass,Night,Slakoth,4,6,
Forest Expansion,8,Grass,Night,Rellor,4,6,
Forest Expansion,9,Grass,Night,Bramblin,4,6,
Forest Expansion,10,Grass,Night,Phantump,4,6,
Forest Expansion,11,Grass,Night,Nymble,4,6,
Forest Expansion,12,Grass,Night,Nymble,4,6,
Diglett Cave,1,Grass,Night,Diglett-Alola,7,9,
Diglett Cave,2,Grass,Night,Nacli,7,9,
Diglett Cave,3,Grass,Night,Numel,7,9,
Diglett Cave,4,Grass,Night,Yamask-Galar,7,9,
Diglett Cave,5,Grass,Night,Sandshrew,7,9,
Diglett Cave,6,Grass,Night,Geodude-Alola,7,9,
Diglett Cave,7,Grass,Night,Trapinch,7,9,
Diglett Cave,8,Grass,Night,Sandile,7,9,
Diglett Cave,9,Grass,Night,Bronzor,7,9,
Diglett Cave,10,Grass,Night,Pancham,7,9,
Diglett Cave,11,Grass,Night,Noibat,7,9,
Diglett Cave,12,Grass,Night,Noibat,7,9,
Pewter City,1,Grass,Night,Grimer-Alola,7,9,
Pewter City,2,Grass,Night,Starly,7,9,
Pewter City,3,Grass,Night,Exeggcute,7,9,
Pewter City,4,Grass,Night,Espurr,7,9,
Pewter City,5,Grass,Night,Skiddo,7,9,
Pewter City,6,Grass,Night,Numel,7,9,
Pewter City,7,Grass,Night,Gastly,7,9,
Pewter City,8,Grass,Night,Poltchageist,7,9,
Pewter City,9,Grass,Night,Ekans,7,9,
Pewter City,10,Grass,Night,Phanpy,7,9,
Pewter City,11,Grass,Night,Axew,7,9,
Pewter City,12,Grass,Night,Bonsly,7,9,
Route 3,1,Grass,Night,Fletchling,10,12,
Route 3,2,Grass,Night,Ekans,10,12,
Route 3,3,Grass,Night,Spearow,10,12,
Route 3,4,Grass,Night,Nidoran-F,10,12,
Route 3,5,Grass,Night,Nickit,10,12,
Route 3,6,Grass,Night,Skiddo,10,12,
Route 3,7,Grass,Night,Shroodle,10,12,
Route 3,8,Grass,Night,Shroodle,10,12,
Route 3,9,Grass,Night,Litleo,10,12,
Route 3,10,Grass,Night,Glameow,10,12,
Route 3,11,Grass,Night,Jigglypuff,10,12,
Route 3,12,Grass,Night,Meowth-Alola,10,12,
Mt Moon 1F,1,Grass,Night,Geodude-Alola,12,14,
Mt Moon 1F,2,Grass,Night,Zubat,12,14,
Mt Moon 1F,3,Grass,Night,Rockruff,12,14,
Mt Moon 1F,4,Grass,Night,Machop,12,14,
Mt Moon 1F,5,Grass,Night,Noibat,10,11,
Mt Moon 1F,6,Grass,Night,Tympole,12,14,
Mt Moon 1F,7,Grass,Night,Dunsparce,12,14,
Mt Moon 1F,8,Grass,Night,Dunsparce,12,14,
Mt Moon 1F,9,Grass,Night,Tyrogue,12,14,
Mt Moon 1F,10,Grass,Night,Clefairy,12,14,
Mt Moon 1F,11,Grass,Night,Elgyem,12,14,
Mt Moon 1F,12,Grass,Night,Sawk,12,14,
Mt Moon B1F,1,Grass,Night,Paras,12,14,
Mt Moon B1F,2,Grass,Night,Nacli,12,14,
Mt Moon B1F,3,Grass,Night,Roggenrola,12,14,
Mt Moon B1F,4,Grass,Night,Slugma,12,14,
Mt Moon B1F,5,Grass,Night,Torkoal,12,14,
Mt Moon B1F,6,Grass,Night,Teddiursa,12,14,
Mt Moon B1F,7,Grass,Night,Tinkatink,12,14,
Mt Moon B1F,8,Grass,Night,Sandile,12,14,
Mt Moon B1F,9,Grass,Night,Misdreavus,12,14,
Mt Moon B1F,10,Grass,Night,Misdreavus,12,14,
Mt Moon B1F,11,Grass,Night,Tinkatink,12,14,
Mt Moon B1F,12,Grass,Night,Riolu,12,14,
Mt Moon B2F,1,Grass,Night,Mawile,12,14,
Mt Moon B2F,2,Grass,Night,Zubat,12,14,
Mt Moon B2F,3,Grass,Night,Pawniard,12,14,
Mt Moon B2F,4,Grass,Night,Rolycoly,12,14,
Mt Moon B2F,5,Grass,Night,Shieldon,12,14,
Mt Moon B2F,6,Grass,Night,Drilbur,12,14,
Mt Moon B2F,7,Grass,Night,Mudbray,12,14,
Mt Moon B2F,8,Grass,Night,Munna,12,14,
Mt Moon B2F,9,Grass,Night,Munna,12,14,
Mt Moon B2F,10,Grass,Night,Lunatone,12,14,
Mt Moon B2F,11,Grass,Night,Onix,12,14,
Mt Moon B2F,12,Grass,Night,Onix,12,14,
Route 4,1,Grass,Night,Pidove,13,15,
Route 4,2,Grass,Night,Oddish,13,15,
Route 4,3,Grass,Night,Mareep,13,15,
Route 4,4,Grass,Night,Pachirisu,13,15,
Route 4,5,Grass,Night,Stunky,13,15,
Route 4,6,Grass,Night,Tandemaus,13,15,
Route 4,7,Grass,Night,Phantump,13,15,
Route 4,8,Grass,Night,Flabebe,13,15,
Route 4,9,Grass,Night,Pumpkaboo-La,13,15,
Route 4,10,Grass,Night,Pumpkaboo-La,13,15,
Route 4,11,Grass,Night,Yanma,13,15,
Route 4,12,Grass,Night,Rookidee,13,15,
Route 24,1,Grass,Night,Snubbull,14,16,
Route 24,2,Grass,Night,Cottonee,14,16,
Route 24,3,Grass,Night,Yamper,14,16,
Route 24,4,Grass,Night,Charcadet,14,16,
Route 24,5,Grass,Night,Magby,14,16,
Route 24,6,Grass,Night,Illumise,14,16,
Route 24,7,Grass,Night,Buizel,14,16,
Route 24,8,Grass,Night,Murkrow,14,16,
Route 24,9,Grass,Night,Ralts,14,16,
Route 24,10,Grass,Night,Abra,14,16,
Route 24,11,Grass,Night,Klawf,14,16,
Route 24,12,Grass,Night,Klawf,14,16,
Route 25,1,Grass,Night,Swablu,16,18,
Route 25,2,Grass,Night,Taillow,16,18,
Route 25,3,Grass,Night,Venonat,16,18,
Route 25,4,Grass,Night,Tadbulb,16,18,
Route 25,5,Grass,Night,Karrablast,16,18,
Route 25,6,Grass,Night,Doduo,16,18,
Route 25,7,Grass,Night,Aipom,16,18,
Route 25,8,Grass,Night,Purrloin,16,18,
Route 25,9,Grass,Night,Squawkabilly-W,16,18,
Route 25,10,Grass,Night,Audino,16,18,
Route 25,11,Grass,Night,Seviper,16,18,
Route 25,12,Grass,Night,Seviper,16,18,
Route 5,1,Grass,Night,Meowth-Galar,18,20,
Route 5,2,Grass,Night,Hatenna,18,20,
Route 5,3,Grass,Night,Gothita,18,20,
Route 5,4,Grass,Night,Vulpix-Alola,18,20,
Route 5,5,Grass,Night,Spritzee,18,20,
Route 5,6,Grass,Night,Morelull,18,20,
Route 5,7,Grass,Night,Growlithe-Hisui,18,20,
Route 5,8,Grass,Night,Gothita,18,20,
Route 5,9,Grass,Night,Grimer-Alola,18,20,
Route 5,10,Grass,Night,Grimer-Alola,18,20,
Route 5,11,Grass,Night,Drifloon,18,20,
Route 5,12,Grass,Night,Drifloon,18,20,
Route 6,1,Grass,Night,Bounsweet,16,18,
Route 6,2,Grass,Night,Gossifleur,16,18,
Route 6,3,Grass,Night,Trubbish,16,18,
Route 6,4,Grass,Night,Furfrou,16,18,
Route 6,5,Grass,Night,Sizzlipede,16,18,
Route 6,6,Grass,Night,Dedenne,16,18,
Route 6,7,Grass,Night,Komala,16,18,
Route 6,8,Grass,Night,Komala,16,18,
Route 6,9,Grass,Night,Meditite,16,18,
Route 6,10,Grass,Night,Meditite,16,18,
Route 6,11,Grass,Night,Togepi,16,18,
Route 6,12,Grass,Night,Togepi,16,18,
Route 11,1,Grass,Night,Pancham,23,25,
Route 11,2,Grass,Night,Ducklett,23,25,
Route 11,3,Grass,Night,Drowzee,23,25,
Route 11,4,Grass,Night,Baltoy,23,25,
Route 11,5,Grass,Night,Cacnea,23,25,
Route 11,6,Grass,Night,Bunnelby,23,25,
Route 11,7,Grass,Night,Scraggy,23,25,
Route 11,8,Grass,Night,Scraggy,23,25,
Route 11,9,Grass,Night,Bombirdier,23,25,
Route 11,10,Grass,Night,Bombirdier,23,25,
Route 11,11,Grass,Night,Sigilyph,23,25,
Route 11,12,Grass,Night,Sigilyph,23,25,
Diglett Cave B1F,1,Grass,Night,Diglett-Alola,23,25,
Diglett Cave B1F,2,Grass,Night,Diglett-Alola,23,25,
Diglett Cave B1F,3,Grass,Night,Stunfisk-Galar,23,25,
Diglett Cave B1F,4,Grass,Night,Silicobra,23,25,
Diglett Cave B1F,5,Grass,Night,Shellos,23,25,
Diglett Cave B1F,6,Grass,Night,Sandile,23,25,
Diglett Cave B1F,7,Grass,Night,Drilbur,23,25,
Diglett Cave B1F,8,Grass,Night,Gligar,23,25,
Diglett Cave B1F,9,Grass,Night,Sandygast,23,25,
Diglett Cave B1F,10,Grass,Night,Dugtrio-Alola,23,25,
Diglett Cave B1F,11,Grass,Night,Hippopotas,23,25,
Diglett Cave B1F,12,Grass,Night,Hippopotas,23,25,
Route 9,1,Grass,Night,Shelmet,25,27,
Route 9,2,Grass,Night,Exeggcute,25,27,
Route 9,3,Grass,Night,Salandit,25,27,
Route 9,4,Grass,Night,Dewpider,25,27,
Route 9,5,Grass,Night,Indeedee-F,25,27,
Route 9,6,Grass,Night,Rufflet,25,27,
Route 9,7,Grass,Night,Espurr,25,27,
Route 9,8,Grass,Night,Espurr,25,27,
Route 9,9,Grass,Night,Tropius,25,27,
Route 9,10,Grass,Night,Tropius,25,27,
Route 9,11,Grass,Night,Skorupi,25,27,
Route 9,12,Grass,Night,Skorupi,25,27,
Route 10,1,Grass,Night,Voltorb-Hisui,27,29,
Route 10,2,Grass,Night,Electrike,27,29,
Route 10,3,Grass,Night,Blitzle,27,29,
Route 10,4,Grass,Night,Pincurchin,27,29,
Route 10,5,Grass,Night,Minun,27,29,
Route 10,6,Grass,Night,Skitty,27,29,
Route 10,7,Grass,Night,Emolga,27,29,
Route 10,8,Grass,Night,Emolga,27,29,
Route 10,9,Grass,Night,Magnemite,27,29,
Route 10,10,Grass,Night,Magnemite,27,29,
Route 10,11,Grass,Night,Croagunk,27,29,
Route 10,12,Grass,Night,Croagunk,27,29,
Rock Tunnel 1F,1,Grass,Night,Graveler-Alola,29,31,
Rock Tunnel 1F,2,Grass,Night,Aron,29,31,
Rock Tunnel 1F,3,Grass,Night,Dwebble,29,31,
Rock Tunnel 1F,4,Grass,Night,Lunatone,29,31,
Rock Tunnel 1F,5,Grass,Night,Onix,29,31,
Rock Tunnel 1F,6,Grass,Night,Carbink,29,31,
Rock Tunnel 1F,7,Grass,Night,Minior,29,31,
Rock Tunnel 1F,8,Grass,Night,Ferroseed,29,31,
Rock Tunnel 1F,9,Grass,Night,Stonjourner,29,31,
Rock Tunnel 1F,10,Grass,Night,Heatmor,29,31,
Rock Tunnel 1F,11,Grass,Night,Durant,29,31,
Rock Tunnel 1F,12,Grass,Night,Durant,29,31,
Rock Tunnel B1F,1,Grass,Night,Bergmite,30,32,
Rock Tunnel B1F,2,Grass,Night,Rhyhorn,30,32,
Rock Tunnel B1F,3,Grass,Night,Swinub,30,32,
Rock Tunnel B1F,4,Grass,Night,Cubone,30,32,
Rock Tunnel B1F,5,Grass,Night,Nosepass,30,32,
Rock Tunnel B1F,6,Grass,Night,Cryogonal,30,32,
Rock Tunnel B1F,7,Grass,Night,Cetoddle,30,32,
Rock Tunnel B1F,8,Grass,Night,Cetoddle,30,32,
Rock Tunnel B1F,9,Grass,Night,Sneasel,30,32,
Rock Tunnel B1F,10,Grass,Night,Sneasel,30,32,
Rock Tunnel B1F,11,Grass,Night,Glimmet,30,32,
Rock Tunnel B1F,12,Grass,Night,Glimmet,30,32,
Route 7,1,Grass,Night,Deerling-Winter,36,38,
Route 7,2,Grass,Night,Inkay,36,38,
Route 7,3,Grass,Night,Vullaby,36,38,
Route 7,4,Grass,Night,Vullaby,36,38,
Route 7,5,Grass,Night,Cutiefly,36,38,
Route 7,6,Grass,Night,Applin,36,38,
Route 7,7,Grass,Night,Oranguru,36,38,
Route 7,8,Grass,Night,Oranguru,36,38,
Route 7,9,Grass,Night,Mienfoo,36,38,
Route 7,10,Grass,Night,Mienfoo,36,38,
Route 7,11,Grass,Night,Porygon,36,38,
Route 7,12,Grass,Night,Porygon,36,38,
Route 8,1,Grass,Night,Foongus,33,35,
Route 8,2,Grass,Night,Minccino,33,35,
Route 8,3,Grass,Night,Vanillite,33,35,
Route 8,4,Grass,Night,Absol,33,35,
Route 8,5,Grass,Night,Absol,33,35,
Route 8,6,Grass,Night,Venipede,33,35,
Route 8,7,Grass,Night,Morgrem,33,35,
Route 8,8,Grass,Night,Morgrem,33,35,
Route 8,9,Grass,Night,Stantler,33,35,
Route 8,10,Grass,Night,Stantler,33,35,
Route 8,11,Grass,Night,Drampa,33,35,
Route 8,12,Grass,Night,Drampa,33,35,
Pkmn Tower 3&5F,1,Grass,Night,Haunter,45,47,
Pkmn Tower 3&5F,2,Grass,Night,Runerigus,45,47,
Pkmn Tower 3&5F,3,Grass,Night,Dusclops,45,47,
Pkmn Tower 3&5F,4,Grass,Night,Mismagius,45,47,
Pkmn Tower 3&5F,5,Grass,Night,Mismagius,45,47,
Pkmn Tower 3&5F,6,Grass,Night,Cubone,45,47,
Pkmn Tower 3&5F,7,Grass,Night,Spiritomb,45,47,
Pkmn Tower 3&5F,8,Grass,Night,Sableye,45,47,
Pkmn Tower 3&5F,9,Grass,Night,Polteageist,45,47,
Pkmn Tower 3&5F,10,Grass,Night,Polteageist,45,47,
Pkmn Tower 3&5F,11,Grass,Night,Lampent,45,47,
Pkmn Tower 3&5F,12,Grass,Night,Lampent,45,47,
Pkmn Tower 4F,1,Grass,Night,Haunter,45,47,
Pkmn Tower 4F,2,Grass,Night,Runerigus,45,47,
Pkmn Tower 4F,3,Grass,Night,Dusclops,45,47,
Pkmn Tower 4F,4,Grass,Night,Mismagius,45,47,
Pkmn Tower 4F,5,Grass,Night,Mismagius,45,47,
Pkmn Tower 4F,6,Grass,Night,Cubone,45,47,
Pkmn Tower 4F,7,Grass,Night,Spiritomb,45,47,
Pkmn Tower 4F,8,Grass,Night,Sableye,45,47,
Pkmn Tower 4F,9,Grass,Night,Houndstone,45,47,
Pkmn Tower 4F,10,Grass,Night,Houndstone,45,47,
Pkmn Tower 4F,11,Grass,Night,Lampent,45,47,
Pkmn Tower 4F,12,Grass,Night,Lampent,45,47,
Pkmn Tower 6F,1,Grass,Night,Haunter,45,47,
Pkmn Tower 6F,2,Grass,Night,Runerigus,45,47,
Pkmn Tower 6F,3,Grass,Night,Dusclops,45,47,
Pkmn Tower 6F,4,Grass,Night,Annihilape,45,47,
Pkmn Tower 6F,5,Grass,Night,Annihilape,45,47,
Pkmn Tower 6F,6,Grass,Night,Cubone,45,47,
Pkmn Tower 6F,7,Grass,Night,Spiritomb,45,47,
Pkmn Tower 6F,8,Grass,Night,Sableye,45,47,
Pkmn Tower 6F,9,Grass,Night,Polteageist,45,47,
Pkmn Tower 6F,10,Grass,Night,Polteageist,45,47,
Pkmn Tower 6F,11,Grass,Night,Lampent,45,47,
Pkmn Tower 6F,12,Grass,Night,Lampent,45,47,
Pkmn Tower 7F,1,Grass,Night,Haunter,45,47,
Pkmn Tower 7F,2,Grass,Night,Runerigus,45,47,
Pkmn Tower 7F,3,Grass,Night,Dusclops,45,47,
Pkmn Tower 7F,4,Grass,Night,Mismagius,45,47,
Pkmn Tower 7F,5,Grass,Night,Mismagius,45,47,
Pkmn Tower 7F,6,Grass,Night,Cubone,45,47,
Pkmn Tower 7F,7,Grass,Night,Spiritomb,45,47,
Pkmn Tower 7F,8,Grass,Night,Sableye,45,47,
Pkmn Tower 7F,9,Grass,Night,Polteageist,45,47,
Pkmn Tower 7F,10,Grass,Night,Polteageist,45,47,
Pkmn Tower 7F,11,Grass,Night,Rotom,45,47,
Pkmn Tower 7F,12,Grass,Night,Rotom,45,47,
Route 16,1,Grass,Night,Scyther,36,38,
Route 16,2,Grass,Night,Forretress,36,38,
Route 16,3,Grass,Night,Rhyhorn,36,38,
Route 16,4,Grass,Night,Falinks,36,38,
Route 16,5,Grass,Night,Cufant,36,38,
Route 16,6,Grass,Night,Durant,36,38,
Route 16,7,Grass,Night,Togedemaru,36,38,
Route 16,8,Grass,Night,Skarmory,36,38,
Route 16,9,Grass,Night,Orthworm,36,38,
Route 16,10,Grass,Night,Orthworm,36,38,
Route 16,11,Grass,Night,Escavalier,36,38,
Route 16,12,Grass,Night,Cufant,36,38,
Route 17,1,Grass,Night,Weezing-Galar,46,48,
Route 17,2,Grass,Night,Cyclizar,46,48,
Route 17,3,Grass,Night,Muk-Alola,46,48,
Route 17,4,Grass,Night,Zebstrika,46,48,
Route 17,5,Grass,Night,Grumpig,46,48,
Route 17,6,Grass,Night,Torkoal,46,48,
Route 17,7,Grass,Night,Skarmory,46,48,
Route 17,8,Grass,Night,Skarmory,46,48,
Route 17,9,Grass,Night,Turtonator,46,48,
Route 17,10,Grass,Night,Turtonator,46,48,
Route 17,11,Grass,Night,Dracozolt,46,48,
Route 17,12,Grass,Night,Dracozolt,46,48,
Route 18,1,Grass,Night,Xatu,49,51,
Route 18,2,Grass,Night,Vikavolt,49,51,
Route 18,3,Grass,Night,Politoed,49,51,
Route 18,4,Grass,Night,Abomasnow,49,51,
Route 18,5,Grass,Night,Altaria,49,51,
Route 18,6,Grass,Night,Jynx,49,51,
Route 18,7,Grass,Night,Heliolisk,49,51,
Route 18,8,Grass,Night,Heliolisk,49,51,
Route 18,9,Grass,Night,Omastar,49,51,
Route 18,10,Grass,Night,Omastar,49,51,
Route 18,11,Grass,Night,Arctovish,49,51,
Route 18,12,Grass,Night,Dracovish,49,51,
Route 12,1,Grass,Night,Sneasel,50,52,
Route 12,2,Grass,Night,Dewgong,50,52,
Route 12,3,Grass,Night,Walrein,50,52,
Route 12,4,Grass,Night,Froslass,50,52,
Route 12,5,Grass,Night,Sawk,50,52,
Route 12,6,Grass,Night,Cetitan,50,52,
Route 12,7,Grass,Night,Avalugg-Hisui,50,52,
Route 12,8,Grass,Night,Avalugg-Hisui,50,52,
Route 12,9,Grass,Night,Mr. Mime-Galar,50,52,
Route 12,10,Grass,Night,Mr. Mime-Galar,50,52,
Route 12,11,Grass,Night,Arctovish,50,52,
Route 12,12,Grass,Night,Arctozolt,50,52,
Route 13,1,Grass,Night,Talonflame,48,50,
Route 13,2,Grass,Night,Pyroar,48,50,
Route 13,3,Grass,Night,Arcanine,48,50,
Route 13,4,Grass,Night,Magmar,48,50,
Route 13,5,Grass,Night,Simisear,48,50,
Route 13,6,Grass,Night,Oricorio,48,50,
Route 13,7,Grass,Night,Charmander,48,50,
Route 13,8,Grass,Night,Charmander,48,50,
Route 13,9,Grass,Night,Turtonator,48,50,
Route 13,10,Grass,Night,Duraludon,48,50,
Route 13,11,Grass,Night,Centiskorch,48,50,
Route 13,12,Grass,Night,Centiskorch,48,50,
Route 14,1,Grass,Night,Pelipper,48,50,
Route 14,2,Grass,Night,Swadloon,48,50,
Route 14,3,Grass,Night,Torkoal,48,50,
Route 14,4,Grass,Night,Torkoal,48,50,
Route 14,5,Grass,Night,Palossand,48,50,
Route 14,6,Grass,Night,Palossand,48,50,
Route 14,7,Grass,Night,Charjabug,48,50,
Route 14,8,Grass,Night,Charjabug,48,50,
Route 14,9,Grass,Night,Durant,48,50,
Route 14,10,Grass,Night,Durant,48,50,
Route 14,11,Grass,Night,Golisopod,48,50,
Route 14,12,Grass,Night,Golisopod,48,50,
Route 15,1,Grass,Night,Amoonguss,49,51,
Route 15,2,Grass,Night,Ambipom,49,51,
Route 15,3,Grass,Night,Tsareena,49,51,
Route 15,4,Grass,Night,Galvantula,49,51,
Route 15,5,Grass,Night,Simipour,49,51,
Route 15,6,Grass,Night,Oricorio,49,51,
Route 15,7,Grass,Night,Sigilyph,49,51,
Route 15,8,Grass,Night,Sigilyph,49,51,
Route 15,9,Grass,Night,Ferrothorn,49,51,
Route 15,10,Grass,Night,Ferrothorn,49,51,
Route 15,11,Grass,Night,Ditto,49,51,
Route 15,12,Grass,Night,Ditto,49,51,
Route 23,1,Grass,Night,Primeape,33,35,
Route 23,2,Grass,Night,Fearow,33,35,
Route 23,3,Grass,Night,Simisage,33,35,
Route 23,4,Grass,Night,Simisear,33,35,
Route 23,5,Grass,Night,Simipour,33,35,
Route 23,6,Grass,Night,Simipour,33,35,
Route 23,7,Grass,Night,Seviper,33,35,
Route 23,8,Grass,Night,Seviper,33,35,
Route 23,9,Grass,Night,Golbat,33,35,
Route 23,10,Grass,Night,Golbat,33,35,
Route 23,11,Grass,Night,Staraptor,33,35,
Route 23,12,Grass,Night,Staraptor,33,35,
Seafoam 1F,1,Grass,Night,Sandslash-Alola,62,64,
Seafoam 1F,2,Grass,Night,Snorunt,62,64,
Seafoam 1F,3,Grass,Night,Beartic,62,64,
Seafoam 1F,4,Grass,Night,Beartic,62,64,
Seafoam 1F,5,Grass,Night,Walrein,62,64,
Seafoam 1F,6,Grass,Night,Walrein,62,64,
Seafoam 1F,7,Grass,Night,Golbat,62,64,
Seafoam 1F,8,Grass,Night,Golbat,62,64,
Seafoam 1F,9,Grass,Night,Avalugg,62,64,
Seafoam 1F,10,Grass,Night,Avalugg,62,64,
Seafoam 1F,11,Grass,Night,Jynx,62,64,
Seafoam 1F,12,Grass,Night,Jynx,62,64,
Seafoam B1F,1,Grass,Night,Sandslash-Alola,62,64,
Seafoam B1F,2,Grass,Night,Darmanitan-Galar,62,64,
Seafoam B1F,3,Grass,Night,Vanilluxe,62,64,
Seafoam B1F,4,Grass,Night,Vanilluxe,62,64,
Seafoam B1F,5,Grass,Night,Golduck,62,64,
Seafoam B1F,6,Grass,Night,Golduck,62,64,
Seafoam B1F,7,Grass,Night,Golbat,62,64,
Seafoam B1F,8,Grass,Night,Golbat,62,64,
Seafoam B1F,9,Grass,Night,Cryogonal,62,64,
Seafoam B1F,10,Grass,Night,Cryogonal,62,64,
Seafoam B1F,11,Grass,Night,Delibird,62,64,
Seafoam B1F,12,Grass,Night,Delibird,62,64,
Seafoam B2F,1,Grass,Night,Abomasnow,62,64,
Seafoam B2F,2,Grass,Night,Snorunt,62,64,
Seafoam B2F,3,Grass,Night,Ninetales-Alola,62,64,
Seafoam B2F,4,Grass,Night,Ninetales-Alola,62,64,
Seafoam B2F,5,Grass,Night,Kingler,62,64,
Seafoam B2F,6,Grass,Night,Kingler,62,64,
Seafoam B2F,7,Grass,Night,Golbat,62,64,
Seafoam B2F,8,Grass,Night,Golbat,62,64,
Seafoam B2F,9,Grass,Night,Sneasel,62,64,
Seafoam B2F,10,Grass,Night,Sneasel,62,64,
Seafoam B2F,11,Grass,Night,Delibird,62,64,
Seafoam B2F,12,Grass,Night,Delibird,62,64,
Seafoam B3F,1,Grass,Night,Sandslash-Alola,62,64,
Seafoam B3F,2,Grass,Night,Darmanitan-Galar,62,64,
Seafoam B3F,3,Grass,Night,Ninetales-Alola,62,64,
Seafoam B3F,4,Grass,Night,Ninetales-Alola,62,64,
Seafoam B3F,5,Grass,Night,Golduck,62,64,
Seafoam B3F,6,Grass,Night,Golduck,62,64,
Seafoam B3F,7,Grass,Night,Golbat,62,64,
Seafoam B3F,8,Grass,Night,Golbat,62,64,
Seafoam B3F,9,Grass,Night,Frosmoth,62,64,
Seafoam B3F,10,Grass,Night,Frosmoth,62,64,
Seafoam B3F,11,Grass,Night,Jynx,62,64,
Seafoam B3F,12,Grass,Night,Jynx,62,64,
Seafoam B4F,1,Grass,Night,Piloswine,62,64,
Seafoam B4F,2,Grass,Night,Abomasnow,62,64,
Seafoam B4F,3,Grass,Night,Ninetales-Alola,62,64,
Seafoam B4F,4,Grass,Night,Ninetales-Alola,62,64,
Seafoam B4F,5,Grass,Night,Dewgong,62,64,
Seafoam B4F,6,Grass,Night,Dewgong,62,64,
Seafoam B4F,7,Grass,Night,Crawdaunt,62,64,
Seafoam B4F,8,Grass,Night,Crawdaunt,62,64,
Seafoam B4F,9,Grass,Night,Golbat,62,64,
Seafoam B4F,10,Grass,Night,Golbat,62,64,
Seafoam B4F,11,Grass,Night,Jynx,62,64,
Seafoam B4F,12,Grass,Night,Jynx,62,64,
Mansion 1F,1,Grass,Night,Raticate-Alola,63,65,
Mansion 1F,2,Grass,Night,Audino,63,65,
Mansion 1F,3,Grass,Night,Muk-Alola,63,65,
Mansion 1F,4,Grass,Night,Muk-Alola,63,65,
Mansion 1F,5,Grass,Night,Weezing-Galar,63,65,
Mansion 1F,6,Grass,Night,Liepard,63,65,
Mansion 1F,7,Grass,Night,Ninetales,63,65,
Mansion 1F,8,Grass,Night,Ninetales,63,65,
Mansion 1F,9,Grass,Night,Sableye,63,65,
Mansion 1F,10,Grass,Night,Sableye,63,65,
Mansion 1F,11,Grass,Night,Chimecho,63,65,
Mansion 1F,12,Grass,Night,Chimecho,63,65,
Mansion 2F,1,Grass,Night,Obstagoon,63,65,
Mansion 2F,2,Grass,Night,Garbodor,63,65,
Mansion 2F,3,Grass,Night,Weezing-Galar,63,65,
Mansion 2F,4,Grass,Night,Swalot,63,65,
Mansion 2F,5,Grass,Night,Heatmor,63,65,
Mansion 2F,6,Grass,Night,Salazzle,63,65,
Mansion 2F,7,Grass,Night,Ninetales,63,65,
Mansion 2F,8,Grass,Night,Ninetales,63,65,
Mansion 2F,9,Grass,Night,Banette,63,65,
Mansion 2F,10,Grass,Night,Banette,63,65,
Mansion 2F,11,Grass,Night,Chimecho,63,65,
Mansion 2F,12,Grass,Night,Chimecho,63,65,
Mansion 3F,1,Grass,Night,Komala,63,65,
Mansion 3F,2,Grass,Night,Seviper,63,65,
Mansion 3F,3,Grass,Night,Ariados,63,65,
Mansion 3F,4,Grass,Night,Ariados,63,65,
Mansion 3F,5,Grass,Night,Rapidash-Galar,63,65,
Mansion 3F,6,Grass,Night,Skuntank,63,65,
Mansion 3F,7,Grass,Night,Ceruledge,63,65,
Mansion 3F,8,Grass,Night,Ceruledge,63,65,
Mansion 3F,9,Grass,Night,Krookodile,63,65,
Mansion 3F,10,Grass,Night,Krookodile,63,65,
Mansion 3F,11,Grass,Night,Chimecho,63,65,
Mansion 3F,12,Grass,Night,Chimecho,63,65,
Mansion B1F,1,Grass,Night,Raticate-Alola,63,65,
Mansion B1F,2,Grass,Night,Garbodor,63,65,
Mansion B1F,3,Grass,Night,Ariados,63,65,
Mansion B1F,4,Grass,Night,Ariados,63,65,
Mansion B1F,5,Grass,Night,Magmar,63,65,
Mansion B1F,6,Grass,Night,Mightyena,63,65,
Mansion B1F,7,Grass,Night,Ninetales,63,65,
Mansion B1F,8,Grass,Night,Ninetales,63,65,
Mansion B1F,9,Grass,Night,Banette,63,65,
Mansion B1F,10,Grass,Night,Banette,63,65,
Mansion B1F,11,Grass,Night,Chimecho,63,65,
Mansion B1F,12,Grass,Night,Chimecho,63,65,
Power Plant,1,Grass,Night,Magneton,63,65,
Power Plant,2,Grass,Night,Electrode,63,65,
Power Plant,3,Grass,Night,Manectric,63,65,
Power Plant,4,Grass,Night,Vikavolt,63,65,
Power Plant,5,Grass,Night,Ampharos,63,65,
Power Plant,6,Grass,Night,Ampharos,63,65,
Power Plant,7,Grass,Night,Togedemaru,63,65,
Power Plant,8,Grass,Night,Togedemaru,63,65,
Power Plant,9,Grass,Night,Electabuzz,63,65,
Power Plant,10,Grass,Night,Electabuzz,63,65,
Power Plant,11,Grass,Night,Electabuzz,63,65,
Power Plant,12,Grass,Night,Electabuzz,63,65,
Cerulean Cave 1F,1,Grass,Night,Parasect,68,70,
Cerulean Cave 1F,2,Grass,Night,Golbat,68,70,
Cerulean Cave 1F,3,Grass,Night,Conkeldurr,68,70,
Cerulean Cave 1F,4,Grass,Night,Conkeldurr,68,70,
Cerulean Cave 1F,5,Grass,Night,Magneton,68,70,
Cerulean Cave 1F,6,Grass,Night,Magneton,68,70,
Cerulean Cave 1F,7,Grass,Night,Seismitoad,68,70,
Cerulean Cave 1F,8,Grass,Night,Seismitoad,68,70,
Cerulean Cave 1F,9,Grass,Night,Duraludon,68,70,
Cerulean Cave 1F,10,Grass,Night,Duraludon,68,70,
Cerulean Cave 1F,11,Grass,Night,Type: Null,68,70,
Cerulean Cave 1F,12,Grass,Night,Type: Null,68,70,
Cerulean Cave 2F,1,Grass,Night,Brute Bonnet,68,70,
Cerulean Cave 2F,2,Grass,Night,Iron Treads,68,70,
Cerulean Cave 2F,3,Grass,Night,Pangoro,68,70,
Cerulean Cave 2F,4,Grass,Night,Pangoro,68,70,
Cerulean Cave 2F,5,Grass,Night,Iron Treads,68,70,
Cerulean Cave 2F,6,Grass,Night,Audino,68,70,
Cerulean Cave 2F,7,Grass,Night,Reuniclus,68,70,
Cerulean Cave 2F,8,Grass,Night,Reuniclus,68,70,
Cerulean Cave 2F,9,Grass,Night,Duraludon,68,70,
Cerulean Cave 2F,10,Grass,Night,Duraludon,68,70,
Cerulean Cave 2F,11,Grass,Night,Type: Null,68,70,
Cerulean Cave 2F,12,Grass,Night,Type: Null,68,70,
Cerulean Cave B1F,1,Grass,Night,Iron Treads,68,70,
Cerulean Cave B1F,2,Grass,Night,Noivern,68,70,
Cerulean Cave B1F,3,Grass,Night,Toxicroak,68,70,
Cerulean Cave B1F,4,Grass,Night,Toxicroak,68,70,
Cerulean Cave B1F,5,Grass,Night,Lopunny,68,70,
Cerulean Cave B1F,6,Grass,Night,Iron Treads,68,70,
Cerulean Cave B1F,7,Grass,Night,Lopunny,68,70,
Cerulean Cave B1F,8,Grass,Night,Gardevoir,68,70,
Cerulean Cave B1F,9,Grass,Night,Excadrill,68,70,
Cerulean Cave B1F,10,Grass,Night,Excadrill,68,70,
Cerulean Cave B1F,11,Grass,Night,Type: Null,68,70,
Cerulean Cave B1F,12,Grass,Night,Type: Null,68,70,
Mansion 4F,1,Grass,Night,Unown,75,77,
Mansion 4F,2,Grass,Night,Unown,75,77,
Mansion 4F,3,Grass,Night,Meowscarada,75,77,
Mansion 4F,4,Grass,Night,Meowscarada,75,77,
Mansion 4F,5,Grass,Night,Quaquaval,75,77,
Mansion 4F,6,Grass,Night,Quaquaval,75,77,
Mansion 4F,7,Grass,Night,Empoleon,75,77,
Mansion 4F,8,Grass,Night,Empoleon,75,77,
Mansion 4F,9,Grass,Night,Froslass,75,77,
Mansion 4F,10,Grass,Night,Froslass,75,77,
Mansion 4F,11,Grass,Night,Unown,75,77,
Mansion 4F,12,Grass,Night,Unown,75,77,
Gouging's Room,1,Grass,Night,Unown,75,77,
Gouging's Room,2,Grass,Night,Unown,75,77,
Gouging's Room,3,Grass,Night,Infernape,75,77,
Gouging's Room,4,Grass,Night,Infernape,75,77,
Gouging's Room,5,Grass,Night,Typhlosion,75,77,
Gouging's Room,6,Grass,Night,Typhlosion,75,77,
Gouging's Room,7,Grass,Night,Blaziken,75,77,
Gouging's Room,8,Grass,Night,Blaziken,75,77,
Gouging's Room,9,Grass,Night,Morpeko,75,77,
Gouging's Room,10,Grass,Night,Morpeko,75,77,
Gouging's Room,11,Grass,Night,Unown,75,77,
Gouging's Room,12,Grass,Night,Unown,75,77,
Victory Road 1F,1,Grass,Night,Flutter Mane,80,82,
Victory Road 1F,2,Grass,Night,Metagross,80,82,
Victory Road 1F,3,Grass,Night,Goodra-Hisui,80,82,
Victory Road 1F,4,Grass,Night,Steelix,80,82,
Victory Road 1F,5,Grass,Night,Audino,80,82,
Victory Road 1F,6,Grass,Night,Salamence,80,82,
Victory Road 1F,7,Grass,Night,Volcarona,80,82,
Victory Road 1F,8,Grass,Night,Aegislash,80,82,
Victory Road 1F,9,Grass,Night,Marowak-Alola,80,82,
Victory Road 1F,10,Grass,Night,Salamence,80,82,
Victory Road 1F,11,Grass,Night,Metagross,80,82,
Victory Road 1F,12,Grass,Night,Salamence,80,82,
Victory Road 2F,1,Grass,Night,Baxcalibur,80,82,
Victory Road 2F,2,Grass,Night,Garchomp,80,82,
Victory Road 2F,3,Grass,Night,Tyranitar,80,82,
Victory Road 2F,4,Grass,Night,Machamp,80,82,
Victory Road 2F,5,Grass,Night,Medicham,80,82,
Victory Road 2F,6,Grass,Night,Lucario,80,82,
Victory Road 2F,7,Grass,Night,Lucario,80,82,
Victory Road 2F,8,Grass,Night,Medicham,80,82,
Victory Road 2F,9,Grass,Night,Kommo-o,80,82,
Victory Road 2F,10,Grass,Night,Kommo-o,80,82,
Victory Road 2F,11,Grass,Night,Baxcalibur,80,82,
Victory Road 2F,12,Grass,Night,Tyranitar,80,82,
Victory Road 3F,1,Grass,Night,Dragonite,80,82,
Victory Road 3F,2,Grass,Night,Roaring Moon,80,82,
Victory Road 3F,3,Grass,Night,Dragapult,80,82,
Victory Road 3F,4,Grass,Night,Mawile,80,82,
Victory Road 3F,5,Grass,Night,Mawile,80,82,
Victory Road 3F,6,Grass,Night,Toxtricity,80,82,
Victory Road 3F,7,Grass,Night,Scizor,80,82,
Victory Road 3F,8,Grass,Night,Aerodactyl,80,82,
Victory Road 3F,9,Grass,Night,Aerodactyl,80,82,
Victory Road 3F,10,Grass,Night,Dragapult,80,82,
Victory Road 3F,11,Grass,Night,Roaring Moon,80,82,
Victory Road 3F,12,Grass,Night,Dragonite,80,82,
Pallet Town,1,Old Rod,All,Tentacool,2,4,
Pallet Town,2,Old Rod,All,Binacle,2,4,
Viridian City,1,Old Rod,All,Marill,3,4,
Viridian City,2,Old Rod,All,Clamperl,3,4,
Route 22,1,Old Rod,All,Psyduck,2,4,
Route 22,2,Old Rod,All,Corphish,2,4,
Route 21A,1,Old Rod,All,Magikarp,2,4,
Route 21A,2,Old Rod,All,Shellder,2,4,
Cerulean City,1,Old Rod,All,Chewtle,2,4,
Cerulean City,2,Old Rod,All,Clauncher,2,4,
Route 24,1,Old Rod,All,Carvanha,2,4,
Route 24,2,Old Rod,All,Lotad,2,4,
Route 25,1,Old Rod,All,Magikarp,2,4,
Route 25,2,Old Rod,All,Chinchou,2,4,
Route 6,1,Old Rod,All,Chinchou,2,4,
Route 6,2,Old Rod,All,Shellder,2,4,
Vermillion City,1,Old Rod,All,Arrokuda,2,4,
Vermillion City,2,Old Rod,All,Finneon,2,4,
Route 11,1,Old Rod,All,Krabby,2,4,
Route 11,2,Old Rod,All,Horsea,2,4,
S.S. Anne,1,Old Rod,All,Wimpod,2,4,
S.S. Anne,2,Old Rod,All,Finneon,2,4,
Route 10,1,Old Rod,All,Wooper,2,4,
Route 10,2,Old Rod,All,Tynamo,2,4,
Route 12,1,Old Rod,All,Spheal,2,4,
Route 12,2,Old Rod,All,Seel,2,4,
Celadon City,1,Old Rod,All,Magikarp,2,4,
Celadon City,2,Old Rod,All,Arrokuda,2,4,
Route 13,1,Old Rod,All,Skrelp,2,4,
Route 13,2,Old Rod,All,Tatsugiri,2,4,
Fuchsia City,1,Old Rod,All,Magikarp,2,4,
Fuchsia City,2,Old Rod,All,Magikarp,2,4,
Route 19,1,Old Rod,All,Clamperl,2,4,
Route 19,2,Old Rod,All,Horsea,2,4,
Route 20,1,Old Rod,All,Magikarp,2,4,
Route 20,2,Old Rod,All,Chinchou,2,4,
Route 21B,1,Old Rod,All,Magikarp,2,4,
Route 21B,2,Old Rod,All,Shellder,2,4,
Seafoam B2F,1,Old Rod,All,Magikarp,2,4,
Seafoam B2F,2,Old Rod,All,Goldeen,2,4,
Seafoam B3F-B4F,1,Old Rod,All,Magikarp,2,4,
Seafoam B3F-B4F,2,Old Rod,All,Remoraid,2,4,
Cinnabar Island,1,Old Rod,All,Magikarp,2,4,
Cinnabar Island,2,Old Rod,All,Corsola,2,4,
Cerulean Cave 1F,1,Old Rod,All,Magikarp,2,4,
Cerulean Cave 1F,2,Old Rod,All,Staryu,2,4,
Cerulean Cave B1F,1,Old Rod,All,Feebas,2,4,
Cerulean Cave B1F,2,Old Rod,All,Mareanie,2,4,
Route 23,1,Old Rod,All,Magikarp,2,4,
Route 23,2,Old Rod,All,Magikarp,2,4,
Pallet Town,1,Good Rod,All,Barboach,27,29,
Pallet Town,2,Good Rod,All,Carvanha,27,29,
Pallet Town,3,Good Rod,All,Qwilfish,27,29,
Viridian City,1,Good Rod,All,Clauncher,27,29,
Viridian City,2,Good Rod,All,Remoraid,27,29,
Viridian City,3,Good Rod,All,Corsola,27,29,
Route 22,1,Good Rod,All,Clobbopus,27,29,
Route 22,2,Good Rod,All,Mantyke,27,29,
Route 22,3,Good Rod,All,Mareanie,27,29,
Route 21A,1,Good Rod,All,Krabby,27,29,
Route 21A,2,Good Rod,All,Qwilfish,27,29,
Route 21A,3,Good Rod,All,Corsola-Galar,27,29,
Cerulean City,1,Good Rod,All,Wishiwashi,27,29,
Cerulean City,2,Good Rod,All,Tatsugiri,27,29,
Cerulean City,3,Good Rod,All,Remoraid,27,29,
Route 24,1,Good Rod,All,Wailmer,27,29,
Route 24,2,Good Rod,All,Wishiwashi,27,29,
Route 24,3,Good Rod,All,Clobbopus,27,29,
Route 25,1,Good Rod,All,Dewpider,27,29,
Route 25,2,Good Rod,All,Mantyke,27,29,
Route 25,3,Good Rod,All,Goldeen,27,29,
Route 6,1,Good Rod,All,Slowpoke-Galar,27,29,
Route 6,2,Good Rod,All,Skrelp,27,29,
Route 6,3,Good Rod,All,Basculin,27,29,
Vermillion City,1,Good Rod,All,Frillish,27,29,
Vermillion City,2,Good Rod,All,Staryu,27,29,
Vermillion City,3,Good Rod,All,Wimpod,27,29,
Route 11,1,Good Rod,All,Bruxish,27,29,
Route 11,2,Good Rod,All,Frillish,27,29,
Route 11,3,Good Rod,All,Relicanth,27,29,
S.S. Anne,1,Good Rod,All,Veluza,27,29,
S.S. Anne,2,Good Rod,All,Staryu,27,29,
S.S. Anne,3,Good Rod,All,Krabby,27,29,
Route 10,1,Good Rod,All,Barboach,27,29,
Route 10,2,Good Rod,All,Shellos-East,27,29,
Route 10,3,Good Rod,All,Corsola-Galar,27,29,
Route 12,1,Good Rod,All,Shellder,27,29,
Route 12,2,Good Rod,All,Sealeo,27,29,
Route 12,3,Good Rod,All,Veluza,27,29,
Celadon City,1,Good Rod,All,Poliwag,27,29,
Celadon City,2,Good Rod,All,Slowpoke-Galar,27,29,
Celadon City,3,Good Rod,All,Slowpoke,27,29,
Route 13,1,Good Rod,All,Qwilfish-Hisui,27,29,
Route 13,2,Good Rod,All,Dewpider,27,29,
Route 13,3,Good Rod,All,Skrelp,27,29,
Fuchsia City,1,Good Rod,All,Goldeen,27,29,
Fuchsia City,2,Good Rod,All,Goldeen,27,29,
Fuchsia City,3,Good Rod,All,Poliwag,27,29,
Route 19,1,Good Rod,All,Shellder,27,29,
Route 19,2,Good Rod,All,Slowpoke,27,29,
Route 19,3,Good Rod,All,Slowpoke,27,29,
Route 20,1,Good Rod,All,Wailmer,27,29,
Route 20,2,Good Rod,All,Clauncher,27,29,
Route 20,3,Good Rod,All,Corsola-Galar,27,29,
Route 21B,1,Good Rod,All,Krabby,27,29,
Route 21B,2,Good Rod,All,Qwilfish,27,29,
Route 21B,3,Good Rod,All,Corsola,27,29,
Seafoam B2F,1,Good Rod,All,Spheal,27,29,
Seafoam B2F,2,Good Rod,All,Mareanie,27,29,
Seafoam B2F,3,Good Rod,All,Krabby,27,29,
Seafoam B3F-B4F,1,Good Rod,All,Spheal,27,29,
Seafoam B3F-B4F,2,Good Rod,All,Shellder,27,29,
Seafoam B3F-B4F,3,Good Rod,All,Carvanha,27,29,
Cinnabar Island,1,Good Rod,All,Krabby,27,29,
Cinnabar Island,2,Good Rod,All,Qwilfish,27,29,
Cinnabar Island,3,Good Rod,All,Feebas,27,29,
Cerulean Cave 1F,1,Good Rod,All,Carvanha,27,29,
Cerulean Cave 1F,2,Good Rod,All,Pyukumuku,27,29,
Cerulean Cave 1F,3,Good Rod,All,Krabby,27,29,
Cerulean Cave B1F,1,Good Rod,All,Corphish,27,29,
Cerulean Cave B1F,2,Good Rod,All,Krabby,27,29,
Cerulean Cave B1F,3,Good Rod,All,Mareanie,27,29,
Route 23,1,Good Rod,All,Poliwag,27,29,
Route 23,2,Good Rod,All,Goldeen,27,29,
Route 23,3,Good Rod,All,Magikarp,27,29,
Pallet Town,1,Super Rod,All,Luvdisc,53,55,
Pallet Town,2,Super Rod,All,Luvdisc,53,55,
Pallet Town,3,Super Rod,All,Clamperl,53,55,
Pallet Town,4,Super Rod,All,Whiscash,53,55,
Pallet Town,5,Super Rod,All,Whiscash,53,55,
Viridian City,1,Super Rod,All,Luvdisc,53,55,
Viridian City,2,Super Rod,All,Luvdisc,53,55,
Viridian City,3,Super Rod,All,Bruxish,53,55,
Viridian City,4,Super Rod,All,Clawitzer,53,55,
Viridian City,5,Super Rod,All,Clawitzer,53,55,
Route 22,1,Super Rod,All,Luvdisc,53,55,
Route 22,2,Super Rod,All,Luvdisc,53,55,
Route 22,3,Super Rod,All,Basculin-Blue,53,55,
Route 22,4,Super Rod,All,Wailord,53,55,
Route 22,5,Super Rod,All,Wailord,53,55,
Route 21A,1,Super Rod,All,Octillery,53,55,
Route 21A,2,Super Rod,All,Lumineon,53,55,
Route 21A,3,Super Rod,All,Kingler,53,55,
Route 21A,4,Super Rod,All,Relicanth,53,55,
Route 21A,5,Super Rod,All,Relicanth,53,55,
Cerulean City,1,Super Rod,All,Luvdisc,53,55,
Cerulean City,2,Super Rod,All,Luvdisc,53,55,
Cerulean City,3,Super Rod,All,Sharpedo,53,55,
Cerulean City,4,Super Rod,All,Octillery,53,55,
Cerulean City,5,Super Rod,All,Octillery,53,55,
Route 24,1,Super Rod,All,Luvdisc,53,55,
Route 24,2,Super Rod,All,Luvdisc,53,55,
Route 24,3,Super Rod,All,Sharpedo,53,55,
Route 24,4,Super Rod,All,Octillery,53,55,
Route 24,5,Super Rod,All,Octillery,53,55,
Route 25,1,Super Rod,All,Poliwag,53,55,
Route 25,2,Super Rod,All,Poliwhirl,53,55,
Route 25,3,Super Rod,All,Gyarados,53,55,
Route 25,4,Super Rod,All,Psyduck,53,55,
Route 25,5,Super Rod,All,Psyduck,53,55,
Route 6,1,Super Rod,All,Slowbro-Galar,53,55,
Route 6,2,Super Rod,All,Lanturn,53,55,
Route 6,3,Super Rod,All,Gyarados,53,55,
Route 6,4,Super Rod,All,Psyduck,53,55,
Route 6,5,Super Rod,All,Golduck,53,55,
Vermillion City,1,Super Rod,All,Luvdisc,53,55,
Vermillion City,2,Super Rod,All,Luvdisc,53,55,
Vermillion City,3,Super Rod,All,Alomomola,53,55,
Vermillion City,4,Super Rod,All,Seadra,53,55,
Vermillion City,5,Super Rod,All,Gyarados,53,55,
Route 11,1,Super Rod,All,Luvdisc,53,55,
Route 11,2,Super Rod,All,Luvdisc,53,55,
Route 11,3,Super Rod,All,Alomomola,53,55,
Route 11,4,Super Rod,All,Seadra,53,55,
Route 11,5,Super Rod,All,Gyarados,53,55,
S.S. Anne,1,Super Rod,All,Luvdisc,53,55,
S.S. Anne,2,Super Rod,All,Luvdisc,53,55,
S.S. Anne,3,Super Rod,All,Alomomola,53,55,
S.S. Anne,4,Super Rod,All,Seadra,53,55,
S.S. Anne,5,Super Rod,All,Gyarados,53,55,
Route 10,1,Super Rod,All,Whiscash,53,55,
Route 10,2,Super Rod,All,Whiscash,53,55,
Route 10,3,Super Rod,All,Basculin-Blue,53,55,
Route 10,4,Super Rod,All,Seadra,53,55,
Route 10,5,Super Rod,All,Seadra,53,55,
Route 12,1,Super Rod,All,Dondozo,53,55,
Route 12,2,Super Rod,All,Dondozo,53,55,
Route 12,3,Super Rod,All,Dewgong,53,55,
Route 12,4,Super Rod,All,Bruxish,53,55,
Route 12,5,Super Rod,All,Drednaw,53,55,
Celadon City,1,Super Rod,All,Psyduck,53,55,
Celadon City,2,Super Rod,All,Mareanie,53,55,
Celadon City,3,Super Rod,All,Mareanie,53,55,
Celadon City,4,Super Rod,All,Muk,53,55,
Celadon City,5,Super Rod,All,Muk-Alola,53,55,
Route 13,1,Super Rod,All,Dragalge,53,55,
Route 13,2,Super Rod,All,Veluza,53,55,
Route 13,3,Super Rod,All,Toxapex,53,55,
Route 13,4,Super Rod,All,Mantine,53,55,
Route 13,5,Super Rod,All,Mantine,53,55,
Fuchsia City,1,Super Rod,All,Goldeen,53,55,
Fuchsia City,2,Super Rod,All,Seaking,53,55,
Fuchsia City,3,Super Rod,All,Gyarados,53,55,
Fuchsia City,4,Super Rod,All,Psyduck,53,55,
Fuchsia City,5,Super Rod,All,Psyduck,53,55,
Route 19,1,Super Rod,All,Seadra,53,55,
Route 19,2,Super Rod,All,Huntail,53,55,
Route 19,3,Super Rod,All,Gorebyss,53,55,
Route 19,4,Super Rod,All,Mantine,53,55,
Route 19,5,Super Rod,All,Mantine,53,55,
Route 20,1,Super Rod,All,Seadra,53,55,
Route 20,2,Super Rod,All,Basculin-Blue,53,55,
Route 20,3,Super Rod,All,Clawitzer,53,55,
Route 20,4,Super Rod,All,Bruxish,53,55,
Route 20,5,Super Rod,All,Bruxish,53,55,
Route 21B,1,Super Rod,All,Octillery,53,55,
Route 21B,2,Super Rod,All,Lumineon,53,55,
Route 21B,3,Super Rod,All,Sharpedo,53,55,
Route 21B,4,Super Rod,All,Relicanth,53,55,
Route 21B,5,Super Rod,All,Relicanth,53,55,
Seafoam B2F,1,Super Rod,All,Seadra,53,55,
Seafoam B2F,2,Super Rod,All,Seadra,53,55,
Seafoam B2F,3,Super Rod,All,Gyarados,53,55,
Seafoam B2F,4,Super Rod,All,Crawdaunt,53,55,
Seafoam B2F,5,Super Rod,All,Crawdaunt,53,55,
Seafoam B3F-B4F,1,Super Rod,All,Seadra,53,55,
Seafoam B3F-B4F,2,Super Rod,All,Seadra,53,55,
Seafoam B3F-B4F,3,Super Rod,All,Gyarados,53,55,
Seafoam B3F-B4F,4,Super Rod,All,Grapploct,53,55,
Seafoam B3F-B4F,5,Super Rod,All,Grapploct,53,55,
Cinnabar Island,1,Super Rod,All,Octillery,53,55,
Cinnabar Island,2,Super Rod,All,Lumineon,53,55,
Cinnabar Island,3,Super Rod,All,Sharpedo,53,55,
Cinnabar Island,4,Super Rod,All,Dhelmise,53,55,
Cinnabar Island,5,Super Rod,All,Dhelmise,53,55,
Cerulean Cave 1F,1,Super Rod,All,Seismitoad,53,55,
Cerulean Cave 1F,2,Super Rod,All,Poliwhirl,53,55,
Cerulean Cave 1F,3,Super Rod,All,Crawdaunt,53,55,
Cerulean Cave 1F,4,Super Rod,All,Crawdaunt,53,55,
Cerulean Cave 1F,5,Super Rod,All,Crawdaunt,53,55,
Cerulean Cave B1F,1,Super Rod,All,Poliwrath,53,55,
Cerulean Cave B1F,2,Super Rod,All,Crawdaunt,53,55,
Cerulean Cave B1F,3,Super Rod,All,Sharpedo,53,55,
Cerulean Cave B1F,4,Super Rod,All,Gyarados,53,55,
Cerulean Cave B1F,5,Super Rod,All,Gyarados,53,55,
Route 23,1,Super Rod,All,Poliwag,53,55,
Route 23,2,Super Rod,All,Psyduck,53,55,
Route 23,3,Super Rod,All,Poliwhirl,53,55,
Route 23,4,Super Rod,All,Gyarados,53,55,
Route 23,5,Super Rod,All,Gyarados,53,55,
Pallet Town,1,Surf,All,Tentacool,56,58,
Pallet Town,2,Surf,All,Tentacool,56,58,
Pallet Town,3,Surf,All,Tentacruel,56,58,
Pallet Town,4,Surf,All,Tentacruel,56,58,
Pallet Town,5,Surf,All,Tentacruel,56,58,
Viridian City,1,Surf,All,Lanturn,56,58,
Viridian City,2,Surf,All,Lanturn,56,58,
Viridian City,3,Surf,All,Lanturn,56,58,
Viridian City,4,Surf,All,Lanturn,56,58,
Viridian City,5,Surf,All,Lanturn,56,58,
Route 22,1,Surf,All,Psyduck,56,58,
Route 22,2,Surf,All,Psyduck,56,58,
Route 22,3,Surf,All,Slowpoke,56,58,
Route 22,4,Surf,All,Poliwhirl,56,58,
Route 22,5,Surf,All,Poliwhirl,56,58,
Route 21A,1,Surf,All,Tentacruel,56,58,
Route 21A,2,Surf,All,Barraskewda,56,58,
Route 21A,3,Surf,All,Lumineon,56,58,
Route 21A,4,Surf,All,Cramorant,56,58,
Route 21A,5,Surf,All,Cramorant,56,58,
Cerulean City,1,Surf,All,Golduck,56,58,
Cerulean City,2,Surf,All,Golduck,56,58,
Cerulean City,3,Surf,All,Golduck,56,58,
Cerulean City,4,Surf,All,Dondozo,56,58,
Cerulean City,5,Surf,All,Dondozo,56,58,
Route 24,1,Surf,All,Golduck,56,58,
Route 24,2,Surf,All,Golduck,56,58,
Route 24,3,Surf,All,Golduck,56,58,
Route 24,4,Surf,All,Golduck,56,58,
Route 24,5,Surf,All,Golduck,56,58,
Route 25,1,Surf,All,Psyduck,56,58,
Route 25,2,Surf,All,Psyduck,56,58,
Route 25,3,Surf,All,Psyduck,56,58,
Route 25,4,Surf,All,Psyduck,56,58,
Route 25,5,Surf,All,Psyduck,56,58,
Route 6,1,Surf,All,Psyduck,56,58,
Route 6,2,Surf,All,Psyduck,56,58,
Route 6,3,Surf,All,Psyduck,56,58,
Route 6,4,Surf,All,Psyduck,56,58,
Route 6,5,Surf,All,Psyduck,56,58,
Vermillion City,1,Surf,All,Tentacool,56,58,
Vermillion City,2,Surf,All,Pelipper,56,58,
Vermillion City,3,Surf,All,Cramorant,56,58,
Vermillion City,4,Surf,All,Cramorant,56,58,
Vermillion City,5,Surf,All,Cramorant,56,58,
Route 11,1,Surf,All,Tentacool,5,10,
Route 11,2,Surf,All,Tentacool,10,20,
Route 11,3,Surf,All,Tentacool,20,30,
Route 11,4,Surf,All,Tentacool,30,35,
Route 11,5,Surf,All,Tentacool,35,40,
S.S. Anne,1,Surf,All,Tentacool,56,58,
S.S. Anne,2,Surf,All,Tentacool,56,58,
S.S. Anne,3,Surf,All,Tentacruel,56,58,
S.S. Anne,4,Surf,All,Barraskewda,56,58,
S.S. Anne,5,Surf,All,Barraskewda,56,58,
Route 10,1,Surf,All,Tentacool,56,58,
Route 10,2,Surf,All,Tentacool,56,58,
Route 10,3,Surf,All,Tentacool,56,58,
Route 10,4,Surf,All,Wingull,56,58,
Route 10,5,Surf,All,Wingull,56,58,
Route 12,1,Surf,All,Tentacool,56,58,
Route 12,2,Surf,All,Tentacool,56,58,
Route 12,3,Surf,All,Tentacruel,56,58,
Route 12,4,Surf,All,Finneon,56,58,
Route 12,5,Surf,All,Finneon,56,58,
Celadon City,1,Surf,All,Poliwhirl,56,58,
Celadon City,2,Surf,All,Poliwhirl,56,58,
Celadon City,3,Surf,All,Poliwhirl,56,58,
Celadon City,4,Surf,All,Poliwhirl,56,58,
Celadon City,5,Surf,All,Poliwhirl,56,58,
Route 13,1,Surf,All,Tentacool,56,58,
Route 13,2,Surf,All,Tentacool,56,58,
Route 13,3,Surf,All,Buizel,56,58,
Route 13,4,Surf,All,Buizel,56,58,
Route 13,5,Surf,All,Buizel,56,58,
Fuchsia City,1,Surf,All,Psyduck,56,58,
Fuchsia City,2,Surf,All,Psyduck,56,58,
Fuchsia City,3,Surf,All,Psyduck,56,58,
Fuchsia City,4,Surf,All,Psyduck,56,58,
Fuchsia City,5,Surf,All,Psyduck,56,58,
Route 19,1,Surf,All,Lumineon,56,58,
Route 19,2,Surf,All,Jellicent,56,58,
Route 19,3,Surf,All,Basculin-Blue,56,58,
Route 19,4,Surf,All,Clawitzer,56,58,
Route 19,5,Surf,All,Clawitzer,56,58,
Route 20,1,Surf,All,Tentacruel,56,58,
Route 20,2,Surf,All,Sharpedo,56,58,
Route 20,3,Surf,All,Wailord,56,58,
Route 20,4,Surf,All,Lanturn,56,58,
Route 20,5,Surf,All,Lanturn,56,58,
Route 21B,1,Surf,All,Tentacruel,56,58,
Route 21B,2,Surf,All,Mantine,56,58,
Route 21B,3,Surf,All,Mantine,56,58,
Route 21B,4,Surf,All,Jellicent,56,58,
Route 21B,5,Surf,All,Jellicent,56,58,
Seafoam B2F,1,Surf,All,Dewgong,56,58,
Seafoam B2F,2,Surf,All,Walrein,56,58,
Seafoam B2F,3,Surf,All,Crawdaunt,56,58,
Seafoam B2F,4,Surf,All,Crawdaunt,56,58,
Seafoam B2F,5,Surf,All,Crawdaunt,56,58,
Seafoam B3F-B4F,1,Surf,All,Golduck,56,58,
Seafoam B3F-B4F,2,Surf,All,Slowbro,56,58,
Seafoam B3F-B4F,3,Surf,All,Sharpedo,56,58,
Seafoam B3F-B4F,4,Surf,All,Sharpedo,56,58,
Seafoam B3F-B4F,5,Surf,All,Sharpedo,56,58,
Cinnabar Island,1,Surf,All,Tentacruel,56,58,
Cinnabar Island,2,Surf,All,Mantine,56,58,
Cinnabar Island,3,Surf,All,Mantine,56,58,
Cinnabar Island,4,Surf,All,Cramorant,56,58,
Cinnabar Island,5,Surf,All,Cramorant,56,58,
Cerulean Cave 1F,1,Surf,All,Seismitoad,56,58,
Cerulean Cave 1F,2,Surf,All,Golduck,56,58,
Cerulean Cave 1F,3,Surf,All,Crawdaunt,56,58,
Cerulean Cave 1F,4,Surf,All,Kingler,56,58,
Cerulean Cave 1F,5,Surf,All,Kingler,56,58,
Cerulean Cave B1F,1,Surf,All,Sharpedo,56,58,
Cerulean Cave B1F,2,Surf,All,Slowbro,56,58,
Cerulean Cave B1F,3,Surf,All,Toxapex,56,58,
Cerulean Cave B1F,4,Surf,All,Toxapex,56,58,
Cerulean Cave B1F,5,Surf,All,Milotic,56,58,
Route 23,1,Surf,All,Psyduck,56,58,
Route 23,2,Surf,All,Psyduck,56,58,
Route 23,3,Surf,All,Psyduck,56,58,
Route 23,4,Surf,All,Psyduck,56,58,
Route 23,5,Surf,All,Psyduck,56,58,
Celadon City,1,Game Corner,All,Dratini,30,30,
Celadon City,2,Game Corner,All,Rotom,30,30,
Celadon City,3,Game Corner,All,Jangmo-o,30,30,
Celadon City,4,Game Corner,All,Larvitar,30,30,
Celadon City,5,Game Corner,All,Gible,30,30,
Celadon City,6,Game Corner,All,Toxel,30,30,
Celadon City,7,Game Corner,All,Beldum,30,30,
Celadon City,8,Game Corner,All,Larvesta,30,30,
Celadon City,9,Game Corner,All,Dreepy,30,30,
Celadon City,10,Game Corner,All,Bagon,30,30,
Celadon City,11,Game Corner,All,Deino,30,30,
Celadon City,12,Game Corner,All,Honedge,30,30,
Celadon City,13,Game Corner,All,Riolu,30,30,
Celadon City,14,Game Corner,All,Goomy,30,30,
Celadon City,15,Game Corner,All,Frigibax,30,30,
Safari Zone Center,1,Grass,Day,Kecleon,50,52,
Safari Zone Center,2,Grass,Day,Spinda,50,52,
Safari Zone Center,3,Grass,Day,Iron Hands,50,52,
Safari Zone Center,4,Grass,Day,Iron Hands,50,52,
Safari Zone Center,5,Grass,Day,Meltan,50,52,
Safari Zone Center,6,Grass,Day,Meltan,50,52,
Safari Zone Center,7,Grass,Day,Porygon,50,52,
Safari Zone Center,8,Grass,Day,Porygon,50,52,
Safari Zone Center,9,Grass,Day,Scyther,50,52,
Safari Zone Center,10,Grass,Day,Scyther,50,52,
Safari Zone Center,11,Grass,Day,Chansey,50,52,
Safari Zone Center,12,Grass,Day,Chansey,50,52,
Safari Zone Center,1,Grass,Night,Kecleon,50,52,
Safari Zone Center,2,Grass,Night,Spinda,50,52,
Safari Zone Center,3,Grass,Night,Iron Moth,50,52,
Safari Zone Center,4,Grass,Night,Iron Moth,50,52,
Safari Zone Center,5,Grass,Night,Meltan,50,52,
Safari Zone Center,6,Grass,Night,Meltan,50,52,
Safari Zone Center,7,Grass,Night,Porygon,50,52,
Safari Zone Center,8,Grass,Night,Porygon,50,52,
Safari Zone Center,9,Grass,Night,Heracross,50,52,
Safari Zone Center,10,Grass,Night,Heracross,50,52,
Safari Zone Center,11,Grass,Night,Chansey,50,52,
Safari Zone Center,12,Grass,Night,Chansey,50,52,
Safari Zone Center,1,Old Rod,All,Magikarp,2,4,
Safari Zone Center,2,Old Rod,All,Krabby,2,4,
Safari Zone Center,1,Good Rod,All,Qwilfish,27,29,
Safari Zone Center,2,Good Rod,All,Mareanie,27,29,
Safari Zone Center,3,Good Rod,All,Mantyke,27,29,
Safari Zone Center,1,Super Rod,All,Alomomola,53,55,
Safari Zone Center,2,Super Rod,All,Basculin,53,55,
Safari Zone Center,3,Super Rod,All,Sharpedo,53,55,
Safari Zone Center,4,Super Rod,All,Feebas,53,55,
Safari Zone Center,5,Super Rod,All,Feebas,53,55,
Safari Zone Center,1,Surf,All,Frillish,56,58,
Safari Zone Center,2,Surf,All,Golduck,56,58,
Safari Zone Center,3,Surf,All,Jellicent,56,58,
Safari Zone Center,4,Surf,All,Golduck,56,58,
Safari Zone Center,5,Surf,All,Golduck,56,58,
Safari Zone East,1,Grass,Day,Hawlucha,50,52,
Safari Zone East,2,Grass,Day,Castform,50,52,
Safari Zone East,3,Grass,Day,Tauros,50,52,
Safari Zone East,4,Grass,Day,Tauros-Combat,50,52,
Safari Zone East,5,Grass,Day,Wobbuffet,50,52,
Safari Zone East,6,Grass,Day,Wobbuffet,50,52,
Safari Zone East,7,Grass,Day,Zorua,50,52,
Safari Zone East,8,Grass,Day,Zorua,50,52,
Safari Zone East,9,Grass,Day,Pinsir,50,52,
Safari Zone East,10,Grass,Day,Pinsir,50,52,
Safari Zone East,11,Grass,Day,Kangaskhan,50,52,
Safari Zone East,12,Grass,Day,Kangaskhan,50,52,
Safari Zone East,1,Grass,Night,Hawlucha,50,52,
Safari Zone East,2,Grass,Night,Castform,50,52,
Safari Zone East,3,Grass,Night,Tauros-Blaze,50,52,
Safari Zone East,4,Grass,Night,Tauros-Aqua,50,52,
Safari Zone East,5,Grass,Night,Wobbuffet,50,52,
Safari Zone East,6,Grass,Night,Wobbuffet,50,52,
Safari Zone East,7,Grass,Night,Zorua-Hisui,50,52,
Safari Zone East,8,Grass,Night,Zorua-Hisui,50,52,
Safari Zone East,9,Grass,Night,Pinsir,50,52,
Safari Zone East,10,Grass,Night,Pinsir,50,52,
Safari Zone East,11,Grass,Night,Kangaskhan,50,52,
Safari Zone East,12,Grass,Night,Kangaskhan,50,52,
Safari Zone East,1,Old Rod,All,Magikarp,2,4,
Safari Zone East,2,Old Rod,All,Arrokuda,2,4,
Safari Zone East,1,Good Rod,All,Corsola,27,29,
Safari Zone East,2,Good Rod,All,Seadra,27,29,
Safari Zone East,3,Good Rod,All,Remoraid,27,29,
Safari Zone East,1,Super Rod,All,Gorebyss,53,55,
Safari Zone East,2,Super Rod,All,Huntail,53,55,
Safari Zone East,3,Super Rod,All,Starmie,53,55,
Safari Zone East,4,Super Rod,All,Dhelmise,53,55,
Safari Zone East,5,Super Rod,All,Dhelmise,53,55,
Safari Zone East,1,Surf,All,Wimpod,56,58,
Safari Zone East,2,Surf,All,Lanturn,56,58,
Safari Zone East,3,Surf,All,Araquanid,56,58,
Safari Zone East,4,Surf,All,Seismitoad,56,58,
Safari Zone East,5,Surf,All,Seismitoad,56,58,
Safari Zone North,1,Grass,Day,Klefki,50,52,
Safari Zone North,2,Grass,Day,Sandy Shocks,50,52,
Safari Zone North,3,Grass,Day,Scream Tail,50,52,
Safari Zone North,4,Grass,Day,Scream Tail,50,52,
Safari Zone North,5,Grass,Day,Bisharp,50,52,
Safari Zone North,6,Grass,Day,Bisharp,50,52,
Safari Zone North,7,Grass,Day,Skarmory,50,52,
Safari Zone North,8,Grass,Day,Skarmory,50,52,
Safari Zone North,9,Grass,Day,Gimmighoul,50,52,
Safari Zone North,10,Grass,Day,Gimmighoul,50,52,
Safari Zone North,11,Grass,Day,Axew,50,52,
Safari Zone North,12,Grass,Day,Axew,50,52,
Safari Zone North,1,Grass,Night,Klefki,50,52,
Safari Zone North,2,Grass,Night,Sandy Shocks,50,52,
Safari Zone North,3,Grass,Night,Brute Bonnet,50,52,
Safari Zone North,4,Grass,Night,Brute Bonnet,50,52,
Safari Zone North,5,Grass,Night,Bisharp,50,52,
Safari Zone North,6,Grass,Night,Bisharp,50,52,
Safari Zone North,7,Grass,Night,Corviknight,50,52,
Safari Zone North,8,Grass,Night,Corviknight,50,52,
Safari Zone North,9,Grass,Night,Gimmighoul,50,52,
Safari Zone North,10,Grass,Night,Gimmighoul,50,52,
Safari Zone North,11,Grass,Night,Axew,50,52,
Safari Zone North,12,Grass,Night,Axew,50,52,
Safari Zone North,1,Old Rod,All,Magikarp,2,4,
Safari Zone North,2,Old Rod,All,Poliwag,2,4,
Safari Zone North,1,Good Rod,All,Pyukumuku,27,29,
Safari Zone North,2,Good Rod,All,Krabby,27,29,
Safari Zone North,3,Good Rod,All,Wailmer,27,29,
Safari Zone North,1,Super Rod,All,Kingler,53,55,
Safari Zone North,2,Super Rod,All,Bruxish,53,55,
Safari Zone North,3,Super Rod,All,Tatsugiri,53,55,
Safari Zone North,4,Super Rod,All,Skrelp,53,55,
Safari Zone North,5,Super Rod,All,Skrelp,53,55,
Safari Zone North,1,Surf,All,Dewpider,56,58,
Safari Zone North,2,Surf,All,Toxapex,56,58,
Safari Zone North,3,Surf,All,Golisopod,56,58,
Safari Zone North,4,Surf,All,Golisopod,56,58,
Safari Zone North,5,Surf,All,Golisopod,56,58,
Safari Zone West,1,Grass,Day,Druddigon,50,52,
Safari Zone West,2,Grass,Day,Druddigon,50,52,
Safari Zone West,3,Grass,Day,Iron Thorns,50,52,
Safari Zone West,4,Grass,Day,Iron Thorns,50,52,
Safari Zone West,5,Grass,Day,Hippowdon,50,52,
Safari Zone West,6,Grass,Day,Hippowdon,50,52,
Safari Zone West,7,Grass,Day,Slither Wing,50,52,
Safari Zone West,8,Grass,Day,Slither Wing,50,52,
Safari Zone West,9,Grass,Day,Crabominable,50,52,
Safari Zone West,10,Grass,Day,Crabominable,50,52,
Safari Zone West,11,Grass,Day,Smeargle,50,52,
Safari Zone West,12,Grass,Day,Smeargle,50,52,
Safari Zone West,1,Grass,Night,Druddigon,50,52,
Safari Zone West,2,Grass,Night,Druddigon,50,52,
Safari Zone West,3,Grass,Night,Iron Jugulis,50,52,
Safari Zone West,4,Grass,Night,Iron Jugulis,50,52,
Safari Zone West,5,Grass,Night,Hippowdon,50,52,
Safari Zone West,6,Grass,Night,Hippowdon,50,52,
Safari Zone West,7,Grass,Night,Slither Wing,50,52,
Safari Zone West,8,Grass,Night,Slither Wing,50,52,
Safari Zone West,9,Grass,Night,Crabominable,50,52,
Safari Zone West,10,Grass,Night,Crabominable,50,52,
Safari Zone West,11,Grass,Night,Smeargle,50,52,
Safari Zone West,12,Grass,Night,Smeargle,50,52,
Safari Zone West,1,Old Rod,All,Magikarp,2,4,
Safari Zone West,2,Old Rod,All,Horsea,2,4,
Safari Zone West,1,Good Rod,All,Qwilfish,27,29,
Safari Zone West,2,Good Rod,All,Seadra,27,29,
Safari Zone West,3,Good Rod,All,Wailmer,27,29,
Safari Zone West,1,Super Rod,All,Crawdaunt,53,55,
Safari Zone West,2,Super Rod,All,Seaking,53,55,
Safari Zone West,3,Super Rod,All,Basculin,53,55,
Safari Zone West,4,Super Rod,All,Relicanth,53,55,
Safari Zone West,5,Super Rod,All,Relicanth,53,55,
Safari Zone West,1,Surf,All,Lumineon,56,58,
Safari Zone West,2,Surf,All,Floatzel,56,58,
Safari Zone West,3,Surf,All,Relicanth,56,58,
Safari Zone West,4,Surf,All,Golduck,56,58,
Safari Zone West,5,Surf,All,Milotic,56,58,
Safari Zone Far West,1,Grass,Day,Hydrapple,50,52,
Safari Zone Far West,2,Grass,Day,Carnivine,50,52,
Safari Zone Far West,3,Grass,Day,Chatot,50,52,
Safari Zone Far West,4,Grass,Day,Munchlax,50,52,
Safari Zone Far West,5,Grass,Day,Eiscue,50,52,
Safari Zone Far West,6,Grass,Day,Eiscue,50,52,
Safari Zone Far West,7,Grass,Day,Sirfetch'd,50,52,
Safari Zone Far West,8,Grass,Day,Sirfetch'd,50,52,
Safari Zone Far West,9,Grass,Day,Eevee,50,52,
Safari Zone Far West,10,Grass,Day,Eevee,50,52,
Safari Zone Far West,11,Grass,Day,Floette-Eternal,50,52,
Safari Zone Far West,12,Grass,Day,Floette-Eternal,50,52,
Safari Zone Far West,1,Grass,Night,Hydrapple,50,52,
Safari Zone Far West,2,Grass,Night,Carnivine,50,52,
Safari Zone Far West,3,Grass,Night,Chatot,50,52,
Safari Zone Far West,4,Grass,Night,Munchlax,50,52,
Safari Zone Far West,5,Grass,Night,Eiscue,50,52,
Safari Zone Far West,6,Grass,Night,Eiscue,50,52,
Safari Zone Far West,7,Grass,Night,Sirfetch'd,50,52,
Safari Zone Far West,8,Grass,Night,Sirfetch'd,50,52,
Safari Zone Far West,9,Grass,Night,Eevee,50,52,
Safari Zone Far West,10,Grass,Night,Eevee,50,52,
Safari Zone Far West,11,Grass,Night,Floette-Eternal,50,52,
Safari Zone Far West,12,Grass,Night,Floette-Eternal,50,52,
Safari Zone Far West,1,Old Rod,All,Magikarp,2,4,
Safari Zone Far West,2,Old Rod,All,Horsea,2,4,
Safari Zone Far West,1,Good Rod,All,Qwilfish,27,29,
Safari Zone Far West,2,Good Rod,All,Seadra,27,29,
Safari Zone Far West,3,Good Rod,All,Wailmer,27,29,
Safari Zone Far West,1,Super Rod,All,Crawdaunt,53,55,
Safari Zone Far West,2,Super Rod,All,Seaking,53,55,
Safari Zone Far West,3,Super Rod,All,Basculin,53,55,
Safari Zone Far West,4,Super Rod,All,Relicanth,53,55,
Safari Zone Far West,5,Super Rod,All,Relicanth,53,55,
Safari Zone Far West,1,Surf,All,Lapras,56,58,
Safari Zone Far West,2,Surf,All,Floatzel,56,58,
Safari Zone Far West,3,Surf,All,Relicanth,56,58,
Safari Zone Far West,4,Surf,All,Golduck,56,58,
Safari Zone Far West,5,Surf,All,Milotic,56,58,
Route 3,1,Raid,All,Meowth-Galar,22,100,1
Route 3,2,Raid,All,Fletchling,22,100,1
Route 3,3,Raid,All,NidoranM,22,100,1
Route 3,4,Raid,All,Capsakid,22,100,1
Route 3,5,Raid,All,Tandemaus,22,100,1
Route 4,1,Raid,All,Pawmi,22,100,1
Route 4,2,Raid,All,Tatsugiri,22,100,1
Route 4,3,Raid,All,Pansear,22,100,1
Route 4,4,Raid,All,Pansage,22,100,1
Route 4,5,Raid,All,Panpour,22,100,1
Mt. Moon,1,Raid,All,Cetoddle,22,100,1
Mt. Moon,2,Raid,All,Cufant,22,100,1
Mt. Moon,3,Raid,All,Lunatone,22,100,1
Mt. Moon,4,Raid,All,Magnemite,22,100,1
Mt. Moon,5,Raid,All,Varoom,22,100,1
Route 24,1,Raid,All,Shroodle,22,100,1
Route 24,2,Raid,All,Abra,22,100,1
Route 24,3,Raid,All,Charcadet,22,100,1
Route 24,4,Raid,All,Applin,22,100,1
Route 24,5,Raid,All,Lotad,22,100,1
Route 25,1,Raid,All,Tadbulb,22,100,1
Route 25,2,Raid,All,Psyduck,22,100,1
Route 25,3,Raid,All,Klawf,22,100,1
Route 25,4,Raid,All,Milcery,22,100,1
Route 25,5,Raid,All,Clauncher,22,100,1
Route 5,1,Raid,All,Hatenna,22,100,1
Route 5,2,Raid,All,Flamigo,22,100,1
Route 5,3,Raid,All,Flittle,22,100,1
Route 5,4,Raid,All,Rhyhorn,22,100,1
Route 5,5,Raid,All,Oricorio,22,100,1
Route 6,1,Raid,All,Applin,22,100,1
Route 6,2,Raid,All,Litleo,22,100,1
Route 6,3,Raid,All,Mienfoo,22,100,1
Route 6,4,Raid,All,Blitzle,22,100,1
Route 6,5,Raid,All,Squawkabilly-G,22,100,1
Route 11,1,Raid,All,Scraggy,22,100,1
Route 11,2,Raid,All,Veluza,22,100,1
Route 11,3,Raid,All,Drowzee,22,100,1
Route 11,4,Raid,All,Misdreavus,22,100,1
Route 11,5,Raid,All,Swadloon,22,100,1
Diglett Cave,1,Raid,All,Gligar,22,100,1
Diglett Cave,2,Raid,All,Sandile,22,100,1
Diglett Cave,3,Raid,All,Stonjourner,22,100,1
Diglett Cave,4,Raid,All,Misdreavus,22,100,1
Diglett Cave,5,Raid,All,Klink,22,100,1
Route 2,1,Raid,All,Pinsir,34,100,2
Route 2,2,Raid,All,Koffing,34,100,2
Route 2,3,Raid,All,Impidimp,34,100,2
Route 2,4,Raid,All,Shellos-East,34,100,2
Route 2,5,Raid,All,Spritzee,34,100,2
Route 9,1,Raid,All,Shelmet,34,100,2
Route 9,2,Raid,All,Electrode-Hisui,34,100,2
Route 9,3,Raid,All,Falinks,34,100,2
Route 9,4,Raid,All,Turtonator,34,100,2
Route 9,5,Raid,All,Tangela,34,100,2
Route 10,1,Raid,All,Zorua-Hisui,34,100,2
Route 10,2,Raid,All,Zorua,34,100,2
Route 10,3,Raid,All,Eevee,34,100,2
Route 10,4,Raid,All,Heracross,34,100,2
Route 10,5,Raid,All,Toxel,34,100,2
Rock Tunnel,1,Raid,All,Delibird,34,100,2
Rock Tunnel,2,Raid,All,Tinkatuff,34,100,2
Rock Tunnel,3,Raid,All,Ferroseed,34,100,2
Rock Tunnel,4,Raid,All,Sandshrew-Alola,34,100,2
Rock Tunnel,5,Raid,All,Orthworm,34,100,2
Route 16,1,Raid,All,Porygon,34,100,2
Route 16,2,Raid,All,Passimian,34,100,2
Route 16,3,Raid,All,Oranguru,34,100,2
Route 16,4,Raid,All,Cramorant,34,100,2
Route 16,5,Raid,All,Kleavor,34,100,2
Route 8,1,Raid,All,Venipede,34,100,2
Route 8,2,Raid,All,Girafarig,34,100,2
Route 8,3,Raid,All,Yanma,34,100,2
Route 8,4,Raid,All,Drampa,34,100,2
Route 8,5,Raid,All,Basculegion,34,100,2
Route 12,1,Raid,All,Corsola-Galar,34,100,2
Route 12,2,Raid,All,Slowpoke-Galar,34,100,2
Route 12,3,Raid,All,Sliggoo-Hisui,34,100,2
Route 12,4,Raid,All,Luvdisc,34,100,2
Route 12,5,Raid,All,Tauros,34,100,2
Viridian Forest,1,Raid,All,Gourgeist-Su,47,100,3
Viridian Forest,2,Raid,All,Golurk,47,100,3
Viridian Forest,3,Raid,All,Granbull,47,100,3
Route 13,1,Raid,All,Indeedee,47,100,3
Route 13,2,Raid,All,Duraludon,47,100,3
Route 13,3,Raid,All,Qwilfish-Hisui,47,100,3
Route 13,4,Raid,All,Breloom,47,100,3
Route 13,5,Raid,All,Torkoal,47,100,3
Mt. Moon,1,Raid,All,Regirock,47,100,3
Mt. Moon,2,Raid,All,Registeel,47,100,3
Mt. Moon,3,Raid,All,Regice,47,100,3
Route 14,1,Raid,All,Pelipper,47,100,3
Route 14,2,Raid,All,Amoonguss,47,100,3
Route 14,3,Raid,All,Sneasel-Hisui,47,100,3
Route 14,4,Raid,All,Dedenne,47,100,3
Route 14,5,Raid,All,Weezing-Galar,47,100,3
Route 15,1,Raid,All,Sigilyph,47,100,3
Route 15,2,Raid,All,Exploud,47,100,3
Route 15,3,Raid,All,Dusclops,47,100,3
Route 15,4,Raid,All,Persian-Alola,47,100,3
Route 15,5,Raid,All,Pincurchin,47,100,3
Pokemon Mansion,1,Raid,All,Floatzel,68,100,4
Pokemon Mansion,2,Raid,All,Magcargo,68,100,4
Pokemon Mansion,3,Raid,All,Noctowl,68,100,4
Route 2,1,Raid,All,Entei,68,100,4
Route 2,2,Raid,All,Suicune,68,100,4
Route 2,3,Raid,All,Raikou,68,100,4
Route 16,1,Raid,All,Zygarde-10,68,100,4
Route 16,2,Raid,All,Diancie,68,100,4
Route 16,3,Raid,All,Pecharunt,68,100,4
Route 10,1,Raid,All,Azelf,68,100,4
Route 10,2,Raid,All,Mesprit,68,100,4
Route 10,3,Raid,All,Uxie,68,100,4
Route 25,1,Raid,All,Necrozma,68,100,4
Route 25,2,Raid,All,Calyrex,68,100,4
Route 25,3,Raid,All,Celebi,68,100,4
Safari Zone Far West,1,Raid,All,Munkidori,68,100,4
Safari Zone Far West,2,Raid,All,Fezandipiti,68,100,4
Safari Zone Far West,3,Raid,All,Okidogi,68,100,4
Power Plant,1,Raid,All,Dracozolt,68,100,4
Power Plant,2,Raid,All,Arctozolt,68,100,4
Power Plant,3,Raid,All,Heliolisk,68,100,4
Seafoam Islands,1,Raid,All,Dracovish,68,100,4
Seafoam Islands,2,Raid,All,Arctovish,68,100,4
Seafoam Islands,3,Raid,All,Basculegion,68,100,4
Cerulean Cave,1,Raid,All,Xurkitree,68,100,4
Cerulean Cave,2,Raid,All,Stakataka,68,100,4
Cerulean Cave,3,Raid,All,Guzzlord,68,100,4
Route 13,1,Raid,All,Victini,79,100,5
Route 13,2,Raid,All,Volcanion,79,100,5
Route 13,3,Raid,All,Cresselia,79,100,5
Viridian Forest,1,Raid,All,Flutter Mane,79,100,5
Viridian Forest,2,Raid,All,Zarude,79,100,5
Viridian Forest,3,Raid,All,Shaymin,79,100,5
Rock Tunnel,1,Raid,All,Iron Boulder,79,100,5
Rock Tunnel,2,Raid,All,Iron Leaves,79,100,5
Rock Tunnel,3,Raid,All,Iron Crown,79,100,5
Pokemon Mansion,1,Raid,All,Spectrier,79,100,5
Pokemon Mansion,2,Raid,All,Hoopa,79,100,5
Pokemon Mansion,3,Raid,All,Regidrago,79,100,5
Power Plant,1,Raid,All,Zeraora,79,100,5
Power Plant,2,Raid,All,Iron Valiant,79,100,5
Power Plant,3,Raid,All,Regieleki,79,100,5
Seafoam Islands,1,Raid,All,Dracovish,79,100,5
Seafoam Islands,2,Raid,All,Arctovish,79,100,5
Seafoam Islands,3,Raid,All,Glastrier,79,100,5
Cerulean Cave,1,Raid,All,Buzzwole,79,100,5
Cerulean Cave,2,Raid,All,Xurkitree,79,100,5
Cerulean Cave,3,Raid,All,Stakataka,79,100,5
Cerulean Cave,4,Raid,All,Guzzlord,79,100,5
Cerulean Cave,5,Raid,All,Nihilego,79,100,5
Victory Road,1,Raid,All,Meloetta,79,100,5
Victory Road,2,Raid,All,Genesect,79,100,5
Victory Road,3,Raid,All,Jirachi,79,100,5
Viridian Forest,1,Raid,All,Tapu Bulu,100,100,6
Mt. Moon,1,Raid,All,Regigigas,100,100,6
Pokemon Mansion,1,Raid,All,Tapu Lele,100,100,6
Power Plant,1,Raid,All,Tapu Koko,100,100,6
Seafoam Islands,1,Raid,All,Kyurem,100,100,6
Seafoam Islands,2,Raid,All,Tapu Fini,100,100,6
Seafoam Islands,3,Raid,All,Manaphy,100,100,6
Cerulean Cave,1,Raid,All,Blacephalon,100,100,6
Cerulean Cave,2,Raid,All,Kartana,100,100,6
Cerulean Cave,3,Raid,All,Poipole,100,100,6
Cerulean Cave,4,Raid,All,Pheromosa,100,100,6
Cerulean Cave,5,Raid,All,Celesteela,100,100,6
Victory Road,1,Raid,All,Zygarde,100,100,6
